file_image,file_boxes,num_mascara,x_min,y_min,x_max,y_max,name,pos_img,size_img_y,size_img_x,is_train,num_varroas
dataset/images/IMG_5993.jpg,dataset/labels/IMG_5993.xml,0,3105,4866,3167,4935,IMG_5993,0,8064,6048,True,2
dataset/images/IMG_5993.jpg,dataset/labels/IMG_5993.xml,1,1690,3570,1736,3631,IMG_5993,0,8064,6048,True,2
dataset/images/IMG_5994.jpg,dataset/labels/IMG_5994.xml,2,1219,4163,1274,4226,IMG_5994,1,8064,6048,False,2
dataset/images/IMG_5994.jpg,dataset/labels/IMG_5994.xml,3,486,2924,551,2973,IMG_5994,1,8064,6048,False,2
dataset/images/IMG_5700.jpg,dataset/labels/IMG_5700.xml,4,4530,3538,4590,3593,IMG_5700,2,8064,6048,True,28
dataset/images/IMG_5700.jpg,dataset/labels/IMG_5700.xml,5,3042,612,3107,681,IMG_5700,2,8064,6048,True,28
dataset/images/IMG_5700.jpg,dataset/labels/IMG_5700.xml,6,1944,649,2015,703,IMG_5700,2,8064,6048,True,28
dataset/images/IMG_5700.jpg,dataset/labels/IMG_5700.xml,7,2486,1006,2543,1068,IMG_5700,2,8064,6048,True,28
dataset/images/IMG_5700.jpg,dataset/labels/IMG_5700.xml,8,3278,1938,3353,2001,IMG_5700,2,8064,6048,True,28
dataset/images/IMG_5700.jpg,dataset/labels/IMG_5700.xml,9,3338,1704,3404,1773,IMG_5700,2,8064,6048,True,28
dataset/images/IMG_5700.jpg,dataset/labels/IMG_5700.xml,10,4402,1171,4459,1225,IMG_5700,2,8064,6048,True,28
dataset/images/IMG_5700.jpg,dataset/labels/IMG_5700.xml,11,2063,2723,2118,2783,IMG_5700,2,8064,6048,True,28
dataset/images/IMG_5700.jpg,dataset/labels/IMG_5700.xml,12,2012,2828,2072,2888,IMG_5700,2,8064,6048,True,28
dataset/images/IMG_5700.jpg,dataset/labels/IMG_5700.xml,13,1975,2965,2015,3034,IMG_5700,2,8064,6048,True,28
dataset/images/IMG_5700.jpg,dataset/labels/IMG_5700.xml,14,1693,3302,1750,3361,IMG_5700,2,8064,6048,True,28
dataset/images/IMG_5700.jpg,dataset/labels/IMG_5700.xml,15,2993,3344,3053,3407,IMG_5700,2,8064,6048,True,28
dataset/images/IMG_5700.jpg,dataset/labels/IMG_5700.xml,16,2911,3416,2965,3487,IMG_5700,2,8064,6048,True,28
dataset/images/IMG_5700.jpg,dataset/labels/IMG_5700.xml,17,1921,3909,1972,3972,IMG_5700,2,8064,6048,True,28
dataset/images/IMG_5700.jpg,dataset/labels/IMG_5700.xml,18,1864,4046,1912,4114,IMG_5700,2,8064,6048,True,28
dataset/images/IMG_5700.jpg,dataset/labels/IMG_5700.xml,19,1975,4890,2026,4944,IMG_5700,2,8064,6048,True,28
dataset/images/IMG_5700.jpg,dataset/labels/IMG_5700.xml,20,2640,4836,2691,4887,IMG_5700,2,8064,6048,True,28
dataset/images/IMG_5700.jpg,dataset/labels/IMG_5700.xml,21,3532,5127,3586,5192,IMG_5700,2,8064,6048,True,28
dataset/images/IMG_5700.jpg,dataset/labels/IMG_5700.xml,22,4351,5346,4402,5412,IMG_5700,2,8064,6048,True,28
dataset/images/IMG_5700.jpg,dataset/labels/IMG_5700.xml,23,4827,5090,4887,5158,IMG_5700,2,8064,6048,True,28
dataset/images/IMG_5700.jpg,dataset/labels/IMG_5700.xml,24,2617,6048,2660,6111,IMG_5700,2,8064,6048,True,28
dataset/images/IMG_5700.jpg,dataset/labels/IMG_5700.xml,25,2682,6211,2739,6248,IMG_5700,2,8064,6048,True,28
dataset/images/IMG_5700.jpg,dataset/labels/IMG_5700.xml,26,2229,6387,2309,6433,IMG_5700,2,8064,6048,True,28
dataset/images/IMG_5700.jpg,dataset/labels/IMG_5700.xml,27,2751,6507,2799,6564,IMG_5700,2,8064,6048,True,28
dataset/images/IMG_5700.jpg,dataset/labels/IMG_5700.xml,28,2004,6707,2055,6770,IMG_5700,2,8064,6048,True,28
dataset/images/IMG_5700.jpg,dataset/labels/IMG_5700.xml,29,1442,3304,1507,3359,IMG_5700,2,8064,6048,True,28
dataset/images/IMG_5700.jpg,dataset/labels/IMG_5700.xml,30,1915,2358,1958,2415,IMG_5700,2,8064,6048,True,28
dataset/images/IMG_5700.jpg,dataset/labels/IMG_5700.xml,31,1045,2452,1102,2503,IMG_5700,2,8064,6048,True,28
dataset/images/IMG_5815.jpg,dataset/labels/IMG_5815.xml,32,3142,1933,3201,2001,IMG_5815,3,8064,6048,True,16
dataset/images/IMG_5815.jpg,dataset/labels/IMG_5815.xml,33,5092,2226,5155,2301,IMG_5815,3,8064,6048,True,16
dataset/images/IMG_5815.jpg,dataset/labels/IMG_5815.xml,34,3643,3901,3695,3958,IMG_5815,3,8064,6048,True,16
dataset/images/IMG_5815.jpg,dataset/labels/IMG_5815.xml,35,3606,3855,3655,3915,IMG_5815,3,8064,6048,True,16
dataset/images/IMG_5815.jpg,dataset/labels/IMG_5815.xml,36,3461,4000,3532,4060,IMG_5815,3,8064,6048,True,16
dataset/images/IMG_5815.jpg,dataset/labels/IMG_5815.xml,37,1539,3419,1596,3481,IMG_5815,3,8064,6048,True,16
dataset/images/IMG_5815.jpg,dataset/labels/IMG_5815.xml,38,4904,6025,4967,6108,IMG_5815,3,8064,6048,True,16
dataset/images/IMG_5815.jpg,dataset/labels/IMG_5815.xml,39,5012,7314,5052,7371,IMG_5815,3,8064,6048,True,16
dataset/images/IMG_5815.jpg,dataset/labels/IMG_5815.xml,40,2891,6222,2948,6296,IMG_5815,3,8064,6048,True,16
dataset/images/IMG_5815.jpg,dataset/labels/IMG_5815.xml,41,2334,7768,2394,7828,IMG_5815,3,8064,6048,True,16
dataset/images/IMG_5815.jpg,dataset/labels/IMG_5815.xml,42,1593,7263,1653,7334,IMG_5815,3,8064,6048,True,16
dataset/images/IMG_5815.jpg,dataset/labels/IMG_5815.xml,43,217,32,266,95,IMG_5815,3,8064,6048,True,16
dataset/images/IMG_5815.jpg,dataset/labels/IMG_5815.xml,44,1263,360,1318,420,IMG_5815,3,8064,6048,True,16
dataset/images/IMG_5815.jpg,dataset/labels/IMG_5815.xml,45,1460,95,1509,149,IMG_5815,3,8064,6048,True,16
dataset/images/IMG_5815.jpg,dataset/labels/IMG_5815.xml,46,2757,488,2815,559,IMG_5815,3,8064,6048,True,16
dataset/images/IMG_5815.jpg,dataset/labels/IMG_5815.xml,47,0,3637,45,3686,IMG_5815,3,8064,6048,True,16
dataset/images/IMG_5652.jpg,dataset/labels/IMG_5652.xml,48,2759,210,2819,290,IMG_5652,4,8064,6048,False,3
dataset/images/IMG_5652.jpg,dataset/labels/IMG_5652.xml,49,1359,4750,1430,4822,IMG_5652,4,8064,6048,False,3
dataset/images/IMG_5652.jpg,dataset/labels/IMG_5652.xml,50,4248,2255,4314,2323,IMG_5652,4,8064,6048,False,3
dataset/images/IMG_5864.jpg,dataset/labels/IMG_5864.xml,51,5576,245,5628,310,IMG_5864,5,8064,6048,True,1
dataset/images/IMG_5585.jpg,dataset/labels/IMG_5585.xml,52,4160,632,4217,695,IMG_5585,6,8064,6048,False,14
dataset/images/IMG_5585.jpg,dataset/labels/IMG_5585.xml,53,5064,669,5132,718,IMG_5585,6,8064,6048,False,14
dataset/images/IMG_5585.jpg,dataset/labels/IMG_5585.xml,54,4063,1630,4111,1673,IMG_5585,6,8064,6048,False,14
dataset/images/IMG_5585.jpg,dataset/labels/IMG_5585.xml,55,3994,1619,4040,1679,IMG_5585,6,8064,6048,False,14
dataset/images/IMG_5585.jpg,dataset/labels/IMG_5585.xml,56,5446,2204,5514,2281,IMG_5585,6,8064,6048,False,14
dataset/images/IMG_5585.jpg,dataset/labels/IMG_5585.xml,57,5820,2905,5879,2971,IMG_5585,6,8064,6048,False,14
dataset/images/IMG_5585.jpg,dataset/labels/IMG_5585.xml,58,5292,3729,5343,3792,IMG_5585,6,8064,6048,False,14
dataset/images/IMG_5585.jpg,dataset/labels/IMG_5585.xml,59,4953,7075,5007,7123,IMG_5585,6,8064,6048,False,14
dataset/images/IMG_5585.jpg,dataset/labels/IMG_5585.xml,60,5440,7485,5503,7540,IMG_5585,6,8064,6048,False,14
dataset/images/IMG_5585.jpg,dataset/labels/IMG_5585.xml,61,4354,7659,4428,7725,IMG_5585,6,8064,6048,False,14
dataset/images/IMG_5585.jpg,dataset/labels/IMG_5585.xml,62,3335,7217,3387,7280,IMG_5585,6,8064,6048,False,14
dataset/images/IMG_5585.jpg,dataset/labels/IMG_5585.xml,63,951,7811,1011,7876,IMG_5585,6,8064,6048,False,14
dataset/images/IMG_5585.jpg,dataset/labels/IMG_5585.xml,64,5522,156,5583,217,IMG_5585,6,8064,6048,False,14
dataset/images/IMG_5585.jpg,dataset/labels/IMG_5585.xml,65,3467,7,3530,73,IMG_5585,6,8064,6048,False,14
dataset/images/IMG_5536.jpg,dataset/labels/IMG_5536.xml,66,2477,3881,2538,3955,IMG_5536,7,8064,6048,True,9
dataset/images/IMG_5536.jpg,dataset/labels/IMG_5536.xml,67,1123,2966,1187,3024,IMG_5536,7,8064,6048,True,9
dataset/images/IMG_5536.jpg,dataset/labels/IMG_5536.xml,68,658,6083,737,6157,IMG_5536,7,8064,6048,True,9
dataset/images/IMG_5536.jpg,dataset/labels/IMG_5536.xml,69,2549,6776,2617,6839,IMG_5536,7,8064,6048,True,9
dataset/images/IMG_5536.jpg,dataset/labels/IMG_5536.xml,70,2348,7403,2403,7466,IMG_5536,7,8064,6048,True,9
dataset/images/IMG_5536.jpg,dataset/labels/IMG_5536.xml,71,1539,7360,1605,7421,IMG_5536,7,8064,6048,True,9
dataset/images/IMG_5536.jpg,dataset/labels/IMG_5536.xml,72,1301,7447,1359,7519,IMG_5536,7,8064,6048,True,9
dataset/images/IMG_5536.jpg,dataset/labels/IMG_5536.xml,73,2276,5364,2339,5425,IMG_5536,7,8064,6048,True,9
dataset/images/IMG_5536.jpg,dataset/labels/IMG_5536.xml,74,10,5410,56,5488,IMG_5536,7,8064,6048,True,9
dataset/images/IMG_5630.jpg,dataset/labels/IMG_5630.xml,75,4408,769,4468,840,IMG_5630,8,8064,6048,True,8
dataset/images/IMG_5630.jpg,dataset/labels/IMG_5630.xml,76,1590,3952,1664,4020,IMG_5630,8,8064,6048,True,8
dataset/images/IMG_5630.jpg,dataset/labels/IMG_5630.xml,77,1787,5107,1852,5178,IMG_5630,8,8064,6048,True,8
dataset/images/IMG_5630.jpg,dataset/labels/IMG_5630.xml,78,3533,7306,3593,7371,IMG_5630,8,8064,6048,True,8
dataset/images/IMG_5630.jpg,dataset/labels/IMG_5630.xml,79,4320,7693,4380,7751,IMG_5630,8,8064,6048,True,8
dataset/images/IMG_5630.jpg,dataset/labels/IMG_5630.xml,80,4003,7874,4060,7937,IMG_5630,8,8064,6048,True,8
dataset/images/IMG_5630.jpg,dataset/labels/IMG_5630.xml,81,4112,5762,4172,5828,IMG_5630,8,8064,6048,True,8
dataset/images/IMG_5630.jpg,dataset/labels/IMG_5630.xml,82,3320,5825,3383,5888,IMG_5630,8,8064,6048,True,8
dataset/images/IMG_5884.jpg,dataset/labels/IMG_5884.xml,83,974,5643,1040,5692,IMG_5884,9,8064,6048,True,2
dataset/images/IMG_5884.jpg,dataset/labels/IMG_5884.xml,84,102,4164,146,4216,IMG_5884,9,8064,6048,True,2
dataset/images/IMG_5909.jpg,dataset/labels/IMG_5909.xml,85,3619,1957,3666,2022,IMG_5909,10,8064,6048,True,7
dataset/images/IMG_5909.jpg,dataset/labels/IMG_5909.xml,86,5098,4559,5144,4622,IMG_5909,10,8064,6048,True,7
dataset/images/IMG_5909.jpg,dataset/labels/IMG_5909.xml,87,5061,4702,5121,4776,IMG_5909,10,8064,6048,True,7
dataset/images/IMG_5909.jpg,dataset/labels/IMG_5909.xml,88,4633,4907,4693,4979,IMG_5909,10,8064,6048,True,7
dataset/images/IMG_5909.jpg,dataset/labels/IMG_5909.xml,89,5024,6348,5092,6405,IMG_5909,10,8064,6048,True,7
dataset/images/IMG_5909.jpg,dataset/labels/IMG_5909.xml,90,4918,6998,4967,7063,IMG_5909,10,8064,6048,True,7
dataset/images/IMG_5909.jpg,dataset/labels/IMG_5909.xml,91,4844,7018,4901,7086,IMG_5909,10,8064,6048,True,7
dataset/images/IMG_5584.jpg,dataset/labels/IMG_5584.xml,92,2668,4149,2728,4209,IMG_5584,11,8064,6048,True,17
dataset/images/IMG_5584.jpg,dataset/labels/IMG_5584.xml,93,3800,3327,3852,3387,IMG_5584,11,8064,6048,True,17
dataset/images/IMG_5584.jpg,dataset/labels/IMG_5584.xml,94,3732,4748,3800,4813,IMG_5584,11,8064,6048,True,17
dataset/images/IMG_5584.jpg,dataset/labels/IMG_5584.xml,95,3646,4876,3695,4950,IMG_5584,11,8064,6048,True,17
dataset/images/IMG_5584.jpg,dataset/labels/IMG_5584.xml,96,3375,6225,3432,6282,IMG_5584,11,8064,6048,True,17
dataset/images/IMG_5584.jpg,dataset/labels/IMG_5584.xml,97,4816,6755,4876,6801,IMG_5584,11,8064,6048,True,17
dataset/images/IMG_5584.jpg,dataset/labels/IMG_5584.xml,98,5229,6265,5289,6316,IMG_5584,11,8064,6048,True,17
dataset/images/IMG_5584.jpg,dataset/labels/IMG_5584.xml,99,4642,5674,4713,5731,IMG_5584,11,8064,6048,True,17
dataset/images/IMG_5584.jpg,dataset/labels/IMG_5584.xml,100,4607,5098,4667,5155,IMG_5584,11,8064,6048,True,17
dataset/images/IMG_5584.jpg,dataset/labels/IMG_5584.xml,101,5107,4728,5169,4779,IMG_5584,11,8064,6048,True,17
dataset/images/IMG_5584.jpg,dataset/labels/IMG_5584.xml,102,5728,3177,5791,3212,IMG_5584,11,8064,6048,True,17
dataset/images/IMG_5584.jpg,dataset/labels/IMG_5584.xml,103,5583,2326,5641,2382,IMG_5584,11,8064,6048,True,17
dataset/images/IMG_5584.jpg,dataset/labels/IMG_5584.xml,104,5532,2034,5598,2087,IMG_5584,11,8064,6048,True,17
dataset/images/IMG_5584.jpg,dataset/labels/IMG_5584.xml,105,5692,3832,5753,3878,IMG_5584,11,8064,6048,True,17
dataset/images/IMG_5584.jpg,dataset/labels/IMG_5584.xml,106,5733,4554,5781,4620,IMG_5584,11,8064,6048,True,17
dataset/images/IMG_5584.jpg,dataset/labels/IMG_5584.xml,107,5989,7322,6043,7365,IMG_5584,11,8064,6048,True,17
dataset/images/IMG_5584.jpg,dataset/labels/IMG_5584.xml,108,3881,7706,3937,7754,IMG_5584,11,8064,6048,True,17
dataset/images/IMG_5651.jpg,dataset/labels/IMG_5651.xml,109,2745,6847,2805,6915,IMG_5651,12,8064,6048,False,1
dataset/images/IMG_5631.jpg,dataset/labels/IMG_5631.xml,110,3997,1200,4066,1265,IMG_5631,13,8064,6048,True,22
dataset/images/IMG_5631.jpg,dataset/labels/IMG_5631.xml,111,4171,1884,4220,1970,IMG_5631,13,8064,6048,True,22
dataset/images/IMG_5631.jpg,dataset/labels/IMG_5631.xml,112,2668,1639,2731,1722,IMG_5631,13,8064,6048,True,22
dataset/images/IMG_5631.jpg,dataset/labels/IMG_5631.xml,113,1248,1847,1325,1907,IMG_5631,13,8064,6048,True,22
dataset/images/IMG_5631.jpg,dataset/labels/IMG_5631.xml,114,2024,2044,2089,2121,IMG_5631,13,8064,6048,True,22
dataset/images/IMG_5631.jpg,dataset/labels/IMG_5631.xml,115,3204,2571,3250,2640,IMG_5631,13,8064,6048,True,22
dataset/images/IMG_5631.jpg,dataset/labels/IMG_5631.xml,116,3316,2631,3373,2703,IMG_5631,13,8064,6048,True,22
dataset/images/IMG_5631.jpg,dataset/labels/IMG_5631.xml,117,3133,3082,3199,3145,IMG_5631,13,8064,6048,True,22
dataset/images/IMG_5631.jpg,dataset/labels/IMG_5631.xml,118,2879,3093,2945,3162,IMG_5631,13,8064,6048,True,22
dataset/images/IMG_5631.jpg,dataset/labels/IMG_5631.xml,119,3033,3230,3087,3299,IMG_5631,13,8064,6048,True,22
dataset/images/IMG_5631.jpg,dataset/labels/IMG_5631.xml,120,3050,2962,3102,3036,IMG_5631,13,8064,6048,True,22
dataset/images/IMG_5631.jpg,dataset/labels/IMG_5631.xml,121,2794,3938,2871,3997,IMG_5631,13,8064,6048,True,22
dataset/images/IMG_5631.jpg,dataset/labels/IMG_5631.xml,122,2591,4736,2662,4805,IMG_5631,13,8064,6048,True,22
dataset/images/IMG_5631.jpg,dataset/labels/IMG_5631.xml,123,1271,6564,1342,6644,IMG_5631,13,8064,6048,True,22
dataset/images/IMG_5631.jpg,dataset/labels/IMG_5631.xml,124,3783,6328,3843,6405,IMG_5631,13,8064,6048,True,22
dataset/images/IMG_5631.jpg,dataset/labels/IMG_5631.xml,125,3980,5726,4051,5780,IMG_5631,13,8064,6048,True,22
dataset/images/IMG_5631.jpg,dataset/labels/IMG_5631.xml,126,3786,5264,3860,5338,IMG_5631,13,8064,6048,True,22
dataset/images/IMG_5631.jpg,dataset/labels/IMG_5631.xml,127,4237,5309,4294,5372,IMG_5631,13,8064,6048,True,22
dataset/images/IMG_5631.jpg,dataset/labels/IMG_5631.xml,128,4516,5518,4579,5592,IMG_5631,13,8064,6048,True,22
dataset/images/IMG_5631.jpg,dataset/labels/IMG_5631.xml,129,4881,5144,4933,5221,IMG_5631,13,8064,6048,True,22
dataset/images/IMG_5631.jpg,dataset/labels/IMG_5631.xml,130,5172,5050,5229,5127,IMG_5631,13,8064,6048,True,22
dataset/images/IMG_5631.jpg,dataset/labels/IMG_5631.xml,131,4319,4682,4391,4739,IMG_5631,13,8064,6048,True,22
dataset/images/IMG_5747.jpg,dataset/labels/IMG_5747.xml,132,3788,1036,3853,1112,IMG_5747,14,8064,6048,True,17
dataset/images/IMG_5747.jpg,dataset/labels/IMG_5747.xml,133,3794,6176,3852,6231,IMG_5747,14,8064,6048,True,17
dataset/images/IMG_5747.jpg,dataset/labels/IMG_5747.xml,134,4299,6231,4344,6292,IMG_5747,14,8064,6048,True,17
dataset/images/IMG_5747.jpg,dataset/labels/IMG_5747.xml,135,4362,6710,4418,6771,IMG_5747,14,8064,6048,True,17
dataset/images/IMG_5747.jpg,dataset/labels/IMG_5747.xml,136,4553,6771,4614,6831,IMG_5747,14,8064,6048,True,17
dataset/images/IMG_5747.jpg,dataset/labels/IMG_5747.xml,137,4677,5523,4727,5578,IMG_5747,14,8064,6048,True,17
dataset/images/IMG_5747.jpg,dataset/labels/IMG_5747.xml,138,5497,4880,5558,4928,IMG_5747,14,8064,6048,True,17
dataset/images/IMG_5747.jpg,dataset/labels/IMG_5747.xml,139,5259,2347,5317,2410,IMG_5747,14,8064,6048,True,17
dataset/images/IMG_5747.jpg,dataset/labels/IMG_5747.xml,140,5349,2675,5412,2733,IMG_5747,14,8064,6048,True,17
dataset/images/IMG_5747.jpg,dataset/labels/IMG_5747.xml,141,4719,2606,4788,2659,IMG_5747,14,8064,6048,True,17
dataset/images/IMG_5747.jpg,dataset/labels/IMG_5747.xml,142,5964,7868,6016,7915,IMG_5747,14,8064,6048,True,17
dataset/images/IMG_5747.jpg,dataset/labels/IMG_5747.xml,143,5754,7939,5803,7999,IMG_5747,14,8064,6048,True,17
dataset/images/IMG_5747.jpg,dataset/labels/IMG_5747.xml,144,5800,7243,5847,7300,IMG_5747,14,8064,6048,True,17
dataset/images/IMG_5747.jpg,dataset/labels/IMG_5747.xml,145,5937,6508,5978,6554,IMG_5747,14,8064,6048,True,17
dataset/images/IMG_5747.jpg,dataset/labels/IMG_5747.xml,146,5628,6391,5672,6434,IMG_5747,14,8064,6048,True,17
dataset/images/IMG_5747.jpg,dataset/labels/IMG_5747.xml,147,5814,3621,5866,3676,IMG_5747,14,8064,6048,True,17
dataset/images/IMG_5747.jpg,dataset/labels/IMG_5747.xml,148,5735,4047,5792,4096,IMG_5747,14,8064,6048,True,17
dataset/images/IMG_5838.jpg,dataset/labels/IMG_5838.xml,149,1157,3567,1205,3630,IMG_5838,15,8064,6048,True,1
dataset/images/IMG_5722.jpg,dataset/labels/IMG_5722.xml,150,3265,4153,3313,4195,IMG_5722,16,8064,6048,True,36
dataset/images/IMG_5722.jpg,dataset/labels/IMG_5722.xml,151,4585,2630,4629,2677,IMG_5722,16,8064,6048,True,36
dataset/images/IMG_5722.jpg,dataset/labels/IMG_5722.xml,152,2850,3098,2916,3153,IMG_5722,16,8064,6048,True,36
dataset/images/IMG_5722.jpg,dataset/labels/IMG_5722.xml,153,3490,3413,3551,3468,IMG_5722,16,8064,6048,True,36
dataset/images/IMG_5722.jpg,dataset/labels/IMG_5722.xml,154,4553,4753,4629,4824,IMG_5722,16,8064,6048,True,36
dataset/images/IMG_5722.jpg,dataset/labels/IMG_5722.xml,155,4836,5049,4889,5123,IMG_5722,16,8064,6048,True,36
dataset/images/IMG_5722.jpg,dataset/labels/IMG_5722.xml,156,2903,5115,2969,5171,IMG_5722,16,8064,6048,True,36
dataset/images/IMG_5722.jpg,dataset/labels/IMG_5722.xml,157,2734,4795,2797,4848,IMG_5722,16,8064,6048,True,36
dataset/images/IMG_5722.jpg,dataset/labels/IMG_5722.xml,158,3099,4645,3167,4706,IMG_5722,16,8064,6048,True,36
dataset/images/IMG_5722.jpg,dataset/labels/IMG_5722.xml,159,4841,5655,4899,5713,IMG_5722,16,8064,6048,True,36
dataset/images/IMG_5722.jpg,dataset/labels/IMG_5722.xml,160,4312,6422,4376,6482,IMG_5722,16,8064,6048,True,36
dataset/images/IMG_5722.jpg,dataset/labels/IMG_5722.xml,161,4423,7461,4495,7524,IMG_5722,16,8064,6048,True,36
dataset/images/IMG_5722.jpg,dataset/labels/IMG_5722.xml,162,2842,7072,2908,7133,IMG_5722,16,8064,6048,True,36
dataset/images/IMG_5722.jpg,dataset/labels/IMG_5722.xml,163,1314,6612,1364,6673,IMG_5722,16,8064,6048,True,36
dataset/images/IMG_5722.jpg,dataset/labels/IMG_5722.xml,164,2247,6739,2300,6813,IMG_5722,16,8064,6048,True,36
dataset/images/IMG_5722.jpg,dataset/labels/IMG_5722.xml,165,2363,6472,2411,6533,IMG_5722,16,8064,6048,True,36
dataset/images/IMG_5722.jpg,dataset/labels/IMG_5722.xml,166,1951,5327,2020,5388,IMG_5722,16,8064,6048,True,36
dataset/images/IMG_5722.jpg,dataset/labels/IMG_5722.xml,167,1034,5261,1102,5330,IMG_5722,16,8064,6048,True,36
dataset/images/IMG_5722.jpg,dataset/labels/IMG_5722.xml,168,1470,4999,1520,5073,IMG_5722,16,8064,6048,True,36
dataset/images/IMG_5722.jpg,dataset/labels/IMG_5722.xml,169,1258,4785,1314,4851,IMG_5722,16,8064,6048,True,36
dataset/images/IMG_5722.jpg,dataset/labels/IMG_5722.xml,170,1353,3941,1401,4000,IMG_5722,16,8064,6048,True,36
dataset/images/IMG_5722.jpg,dataset/labels/IMG_5722.xml,171,1335,3994,1388,4047,IMG_5722,16,8064,6048,True,36
dataset/images/IMG_5722.jpg,dataset/labels/IMG_5722.xml,172,2607,3896,2654,3949,IMG_5722,16,8064,6048,True,36
dataset/images/IMG_5722.jpg,dataset/labels/IMG_5722.xml,173,1909,3325,1972,3394,IMG_5722,16,8064,6048,True,36
dataset/images/IMG_5722.jpg,dataset/labels/IMG_5722.xml,174,2118,2521,2192,2582,IMG_5722,16,8064,6048,True,36
dataset/images/IMG_5722.jpg,dataset/labels/IMG_5722.xml,175,1515,1979,1568,2032,IMG_5722,16,8064,6048,True,36
dataset/images/IMG_5722.jpg,dataset/labels/IMG_5722.xml,176,1613,2286,1684,2344,IMG_5722,16,8064,6048,True,36
dataset/images/IMG_5722.jpg,dataset/labels/IMG_5722.xml,177,592,5993,655,6049,IMG_5722,16,8064,6048,True,36
dataset/images/IMG_5722.jpg,dataset/labels/IMG_5722.xml,178,671,5245,722,5298,IMG_5722,16,8064,6048,True,36
dataset/images/IMG_5722.jpg,dataset/labels/IMG_5722.xml,179,97,3643,143,3695,IMG_5722,16,8064,6048,True,36
dataset/images/IMG_5722.jpg,dataset/labels/IMG_5722.xml,180,354,4913,395,4962,IMG_5722,16,8064,6048,True,36
dataset/images/IMG_5722.jpg,dataset/labels/IMG_5722.xml,181,37,7390,81,7442,IMG_5722,16,8064,6048,True,36
dataset/images/IMG_5722.jpg,dataset/labels/IMG_5722.xml,182,580,7428,613,7478,IMG_5722,16,8064,6048,True,36
dataset/images/IMG_5722.jpg,dataset/labels/IMG_5722.xml,183,589,8005,643,8063,IMG_5722,16,8064,6048,True,36
dataset/images/IMG_5722.jpg,dataset/labels/IMG_5722.xml,184,1179,8016,1233,8063,IMG_5722,16,8064,6048,True,36
dataset/images/IMG_5722.jpg,dataset/labels/IMG_5722.xml,185,3686,7166,3735,7221,IMG_5722,16,8064,6048,True,36
dataset/images/IMG_5769.jpg,dataset/labels/IMG_5769.xml,186,1137,2426,1188,2483,IMG_5769,17,8064,6048,True,2
dataset/images/IMG_5769.jpg,dataset/labels/IMG_5769.xml,187,1644,6966,1696,7023,IMG_5769,17,8064,6048,True,2
dataset/images/IMG_5583.jpg,dataset/labels/IMG_5583.xml,188,3119,3918,3184,3975,IMG_5583,18,8064,6048,False,24
dataset/images/IMG_5583.jpg,dataset/labels/IMG_5583.xml,189,1684,1237,1744,1294,IMG_5583,18,8064,6048,False,24
dataset/images/IMG_5583.jpg,dataset/labels/IMG_5583.xml,190,1932,1890,1989,1947,IMG_5583,18,8064,6048,False,24
dataset/images/IMG_5583.jpg,dataset/labels/IMG_5583.xml,191,3749,1151,3800,1208,IMG_5583,18,8064,6048,False,24
dataset/images/IMG_5583.jpg,dataset/labels/IMG_5583.xml,192,3695,1448,3758,1511,IMG_5583,18,8064,6048,False,24
dataset/images/IMG_5583.jpg,dataset/labels/IMG_5583.xml,193,3367,1508,3415,1582,IMG_5583,18,8064,6048,False,24
dataset/images/IMG_5583.jpg,dataset/labels/IMG_5583.xml,194,2257,2021,2314,2075,IMG_5583,18,8064,6048,False,24
dataset/images/IMG_5583.jpg,dataset/labels/IMG_5583.xml,195,3381,2269,3441,2326,IMG_5583,18,8064,6048,False,24
dataset/images/IMG_5583.jpg,dataset/labels/IMG_5583.xml,196,906,2657,971,2743,IMG_5583,18,8064,6048,False,24
dataset/images/IMG_5583.jpg,dataset/labels/IMG_5583.xml,197,2132,4189,2200,4254,IMG_5583,18,8064,6048,False,24
dataset/images/IMG_5583.jpg,dataset/labels/IMG_5583.xml,198,2466,4790,2514,4853,IMG_5583,18,8064,6048,False,24
dataset/images/IMG_5583.jpg,dataset/labels/IMG_5583.xml,199,1214,4867,1276,4933,IMG_5583,18,8064,6048,False,24
dataset/images/IMG_5583.jpg,dataset/labels/IMG_5583.xml,200,1382,5190,1442,5267,IMG_5583,18,8064,6048,False,24
dataset/images/IMG_5583.jpg,dataset/labels/IMG_5583.xml,201,2620,6134,2682,6199,IMG_5583,18,8064,6048,False,24
dataset/images/IMG_5583.jpg,dataset/labels/IMG_5583.xml,202,1470,6844,1533,6918,IMG_5583,18,8064,6048,False,24
dataset/images/IMG_5583.jpg,dataset/labels/IMG_5583.xml,203,2092,7172,2158,7223,IMG_5583,18,8064,6048,False,24
dataset/images/IMG_5583.jpg,dataset/labels/IMG_5583.xml,204,431,576,487,624,IMG_5583,18,8064,6048,False,24
dataset/images/IMG_5583.jpg,dataset/labels/IMG_5583.xml,205,906,98,957,151,IMG_5583,18,8064,6048,False,24
dataset/images/IMG_5583.jpg,dataset/labels/IMG_5583.xml,206,462,2288,515,2341,IMG_5583,18,8064,6048,False,24
dataset/images/IMG_5583.jpg,dataset/labels/IMG_5583.xml,207,388,3438,437,3499,IMG_5583,18,8064,6048,False,24
dataset/images/IMG_5583.jpg,dataset/labels/IMG_5583.xml,208,518,7099,574,7157,IMG_5583,18,8064,6048,False,24
dataset/images/IMG_5583.jpg,dataset/labels/IMG_5583.xml,209,33,6662,83,6708,IMG_5583,18,8064,6048,False,24
dataset/images/IMG_5583.jpg,dataset/labels/IMG_5583.xml,210,449,6294,498,6344,IMG_5583,18,8064,6048,False,24
dataset/images/IMG_5583.jpg,dataset/labels/IMG_5583.xml,211,2507,0,2570,50,IMG_5583,18,8064,6048,False,24
dataset/images/IMG_5816.jpg,dataset/labels/IMG_5816.xml,212,3843,2888,3906,2954,IMG_5816,19,8064,6048,True,7
dataset/images/IMG_5816.jpg,dataset/labels/IMG_5816.xml,213,3079,4448,3142,4517,IMG_5816,19,8064,6048,True,7
dataset/images/IMG_5816.jpg,dataset/labels/IMG_5816.xml,214,3333,6462,3393,6541,IMG_5816,19,8064,6048,True,7
dataset/images/IMG_5816.jpg,dataset/labels/IMG_5816.xml,215,3201,6430,3264,6487,IMG_5816,19,8064,6048,True,7
dataset/images/IMG_5816.jpg,dataset/labels/IMG_5816.xml,216,5888,6191,5934,6235,IMG_5816,19,8064,6048,True,7
dataset/images/IMG_5816.jpg,dataset/labels/IMG_5816.xml,217,5754,2239,5814,2282,IMG_5816,19,8064,6048,True,7
dataset/images/IMG_5816.jpg,dataset/labels/IMG_5816.xml,218,2151,7866,2208,7926,IMG_5816,19,8064,6048,True,7
dataset/images/IMG_5582.jpg,dataset/labels/IMG_5582.xml,219,1105,2205,1176,2261,IMG_5582,20,8064,6048,False,21
dataset/images/IMG_5582.jpg,dataset/labels/IMG_5582.xml,220,2059,2088,2124,2137,IMG_5582,20,8064,6048,False,21
dataset/images/IMG_5582.jpg,dataset/labels/IMG_5582.xml,221,1170,2486,1222,2548,IMG_5582,20,8064,6048,False,21
dataset/images/IMG_5582.jpg,dataset/labels/IMG_5582.xml,222,1732,2906,1794,2956,IMG_5582,20,8064,6048,False,21
dataset/images/IMG_5582.jpg,dataset/labels/IMG_5582.xml,223,2449,3061,2511,3126,IMG_5582,20,8064,6048,False,21
dataset/images/IMG_5582.jpg,dataset/labels/IMG_5582.xml,224,2365,3336,2421,3401,IMG_5582,20,8064,6048,False,21
dataset/images/IMG_5582.jpg,dataset/labels/IMG_5582.xml,225,1367,3345,1429,3395,IMG_5582,20,8064,6048,False,21
dataset/images/IMG_5582.jpg,dataset/labels/IMG_5582.xml,226,2971,4593,3023,4664,IMG_5582,20,8064,6048,False,21
dataset/images/IMG_5582.jpg,dataset/labels/IMG_5582.xml,227,3379,5233,3425,5292,IMG_5582,20,8064,6048,False,21
dataset/images/IMG_5582.jpg,dataset/labels/IMG_5582.xml,228,3722,4788,3780,4850,IMG_5582,20,8064,6048,False,21
dataset/images/IMG_5582.jpg,dataset/labels/IMG_5582.xml,229,3258,5607,3326,5665,IMG_5582,20,8064,6048,False,21
dataset/images/IMG_5582.jpg,dataset/labels/IMG_5582.xml,230,786,6419,848,6469,IMG_5582,20,8064,6048,False,21
dataset/images/IMG_5582.jpg,dataset/labels/IMG_5582.xml,231,678,4874,734,4933,IMG_5582,20,8064,6048,False,21
dataset/images/IMG_5582.jpg,dataset/labels/IMG_5582.xml,232,1343,4723,1392,4797,IMG_5582,20,8064,6048,False,21
dataset/images/IMG_5582.jpg,dataset/labels/IMG_5582.xml,233,1336,4009,1401,4074,IMG_5582,20,8064,6048,False,21
dataset/images/IMG_5582.jpg,dataset/labels/IMG_5582.xml,234,155,5224,210,5277,IMG_5582,20,8064,6048,False,21
dataset/images/IMG_5582.jpg,dataset/labels/IMG_5582.xml,235,198,5793,243,5849,IMG_5582,20,8064,6048,False,21
dataset/images/IMG_5582.jpg,dataset/labels/IMG_5582.xml,236,350,6870,401,6918,IMG_5582,20,8064,6048,False,21
dataset/images/IMG_5582.jpg,dataset/labels/IMG_5582.xml,237,1549,7533,1602,7581,IMG_5582,20,8064,6048,False,21
dataset/images/IMG_5582.jpg,dataset/labels/IMG_5582.xml,238,3129,7838,3185,7891,IMG_5582,20,8064,6048,False,21
dataset/images/IMG_5582.jpg,dataset/labels/IMG_5582.xml,239,3439,7769,3500,7825,IMG_5582,20,8064,6048,False,21
dataset/images/IMG_5863.jpg,dataset/labels/IMG_5863.xml,240,2754,6179,2814,6242,IMG_5863,21,8064,6048,True,2
dataset/images/IMG_5863.jpg,dataset/labels/IMG_5863.xml,241,3452,6171,3524,6231,IMG_5863,21,8064,6048,True,2
dataset/images/IMG_5980.jpg,dataset/labels/IMG_5980.xml,242,1721,404,1784,461,IMG_5980,22,8064,6048,True,1
dataset/images/IMG_5676.jpg,dataset/labels/IMG_5676.xml,243,3601,3650,3666,3715,IMG_5676,23,8064,6048,True,14
dataset/images/IMG_5676.jpg,dataset/labels/IMG_5676.xml,244,3860,4206,3932,4271,IMG_5676,23,8064,6048,True,14
dataset/images/IMG_5676.jpg,dataset/labels/IMG_5676.xml,245,3099,5789,3167,5843,IMG_5676,23,8064,6048,True,14
dataset/images/IMG_5676.jpg,dataset/labels/IMG_5676.xml,246,5320,7306,5375,7354,IMG_5676,23,8064,6048,True,14
dataset/images/IMG_5676.jpg,dataset/labels/IMG_5676.xml,247,5315,6225,5377,6299,IMG_5676,23,8064,6048,True,14
dataset/images/IMG_5676.jpg,dataset/labels/IMG_5676.xml,248,3783,6695,3852,6747,IMG_5676,23,8064,6048,True,14
dataset/images/IMG_5676.jpg,dataset/labels/IMG_5676.xml,249,5415,5264,5480,5318,IMG_5676,23,8064,6048,True,14
dataset/images/IMG_5676.jpg,dataset/labels/IMG_5676.xml,250,5204,5147,5263,5204,IMG_5676,23,8064,6048,True,14
dataset/images/IMG_5676.jpg,dataset/labels/IMG_5676.xml,251,4422,4762,4473,4802,IMG_5676,23,8064,6048,True,14
dataset/images/IMG_5676.jpg,dataset/labels/IMG_5676.xml,252,4451,2529,4510,2583,IMG_5676,23,8064,6048,True,14
dataset/images/IMG_5676.jpg,dataset/labels/IMG_5676.xml,253,4411,872,4476,926,IMG_5676,23,8064,6048,True,14
dataset/images/IMG_5676.jpg,dataset/labels/IMG_5676.xml,254,5543,5721,5606,5773,IMG_5676,23,8064,6048,True,14
dataset/images/IMG_5676.jpg,dataset/labels/IMG_5676.xml,255,5792,6432,5844,6494,IMG_5676,23,8064,6048,True,14
dataset/images/IMG_5676.jpg,dataset/labels/IMG_5676.xml,256,5904,6511,5964,6568,IMG_5676,23,8064,6048,True,14
dataset/images/IMG_5725.jpg,dataset/labels/IMG_5725.xml,257,3781,2268,3828,2328,IMG_5725,24,8064,6048,True,20
dataset/images/IMG_5725.jpg,dataset/labels/IMG_5725.xml,258,3765,2424,3826,2474,IMG_5725,24,8064,6048,True,20
dataset/images/IMG_5725.jpg,dataset/labels/IMG_5725.xml,259,3768,2646,3828,2712,IMG_5725,24,8064,6048,True,20
dataset/images/IMG_5725.jpg,dataset/labels/IMG_5725.xml,260,3389,4928,3437,4983,IMG_5725,24,8064,6048,True,20
dataset/images/IMG_5725.jpg,dataset/labels/IMG_5725.xml,261,3418,5277,3482,5353,IMG_5725,24,8064,6048,True,20
dataset/images/IMG_5725.jpg,dataset/labels/IMG_5725.xml,262,2903,6868,2972,6940,IMG_5725,24,8064,6048,True,20
dataset/images/IMG_5725.jpg,dataset/labels/IMG_5725.xml,263,4733,7521,4783,7572,IMG_5725,24,8064,6048,True,20
dataset/images/IMG_5725.jpg,dataset/labels/IMG_5725.xml,264,4230,6260,4291,6324,IMG_5725,24,8064,6048,True,20
dataset/images/IMG_5725.jpg,dataset/labels/IMG_5725.xml,265,3831,5599,3886,5689,IMG_5725,24,8064,6048,True,20
dataset/images/IMG_5725.jpg,dataset/labels/IMG_5725.xml,266,5254,5634,5320,5702,IMG_5725,24,8064,6048,True,20
dataset/images/IMG_5725.jpg,dataset/labels/IMG_5725.xml,267,4473,4904,4521,4970,IMG_5725,24,8064,6048,True,20
dataset/images/IMG_5725.jpg,dataset/labels/IMG_5725.xml,268,3519,4867,3582,4938,IMG_5725,24,8064,6048,True,20
dataset/images/IMG_5725.jpg,dataset/labels/IMG_5725.xml,269,5016,4275,5071,4333,IMG_5725,24,8064,6048,True,20
dataset/images/IMG_5725.jpg,dataset/labels/IMG_5725.xml,270,3601,3087,3672,3156,IMG_5725,24,8064,6048,True,20
dataset/images/IMG_5725.jpg,dataset/labels/IMG_5725.xml,271,5335,3077,5386,3145,IMG_5725,24,8064,6048,True,20
dataset/images/IMG_5725.jpg,dataset/labels/IMG_5725.xml,272,4402,1525,4458,1588,IMG_5725,24,8064,6048,True,20
dataset/images/IMG_5725.jpg,dataset/labels/IMG_5725.xml,273,3175,3106,3231,3169,IMG_5725,24,8064,6048,True,20
dataset/images/IMG_5725.jpg,dataset/labels/IMG_5725.xml,274,3407,35,3465,89,IMG_5725,24,8064,6048,True,20
dataset/images/IMG_5725.jpg,dataset/labels/IMG_5725.xml,275,5568,6718,5623,6778,IMG_5725,24,8064,6048,True,20
dataset/images/IMG_5725.jpg,dataset/labels/IMG_5725.xml,276,5770,7464,5817,7519,IMG_5725,24,8064,6048,True,20
dataset/images/IMG_5746.jpg,dataset/labels/IMG_5746.xml,277,2847,4166,2906,4230,IMG_5746,25,8064,6048,True,38
dataset/images/IMG_5746.jpg,dataset/labels/IMG_5746.xml,278,3995,4042,4064,4089,IMG_5746,25,8064,6048,True,38
dataset/images/IMG_5746.jpg,dataset/labels/IMG_5746.xml,279,4199,2947,4251,3013,IMG_5746,25,8064,6048,True,38
dataset/images/IMG_5746.jpg,dataset/labels/IMG_5746.xml,280,3953,2622,4011,2683,IMG_5746,25,8064,6048,True,38
dataset/images/IMG_5746.jpg,dataset/labels/IMG_5746.xml,281,2485,3048,2543,3111,IMG_5746,25,8064,6048,True,38
dataset/images/IMG_5746.jpg,dataset/labels/IMG_5746.xml,282,2697,2982,2757,3040,IMG_5746,25,8064,6048,True,38
dataset/images/IMG_5746.jpg,dataset/labels/IMG_5746.xml,283,3173,2202,3225,2252,IMG_5746,25,8064,6048,True,38
dataset/images/IMG_5746.jpg,dataset/labels/IMG_5746.xml,284,4458,2011,4532,2064,IMG_5746,25,8064,6048,True,38
dataset/images/IMG_5746.jpg,dataset/labels/IMG_5746.xml,285,4648,1123,4714,1191,IMG_5746,25,8064,6048,True,38
dataset/images/IMG_5746.jpg,dataset/labels/IMG_5746.xml,286,4442,784,4497,848,IMG_5746,25,8064,6048,True,38
dataset/images/IMG_5746.jpg,dataset/labels/IMG_5746.xml,287,3667,938,3733,1012,IMG_5746,25,8064,6048,True,38
dataset/images/IMG_5746.jpg,dataset/labels/IMG_5746.xml,288,3440,1266,3493,1326,IMG_5746,25,8064,6048,True,38
dataset/images/IMG_5746.jpg,dataset/labels/IMG_5746.xml,289,1253,753,1311,811,IMG_5746,25,8064,6048,True,38
dataset/images/IMG_5746.jpg,dataset/labels/IMG_5746.xml,290,1454,708,1504,763,IMG_5746,25,8064,6048,True,38
dataset/images/IMG_5746.jpg,dataset/labels/IMG_5746.xml,291,1605,890,1660,940,IMG_5746,25,8064,6048,True,38
dataset/images/IMG_5746.jpg,dataset/labels/IMG_5746.xml,292,2133,713,2186,771,IMG_5746,25,8064,6048,True,38
dataset/images/IMG_5746.jpg,dataset/labels/IMG_5746.xml,293,1483,1734,1549,1792,IMG_5746,25,8064,6048,True,38
dataset/images/IMG_5746.jpg,dataset/labels/IMG_5746.xml,294,1655,2400,1710,2463,IMG_5746,25,8064,6048,True,38
dataset/images/IMG_5746.jpg,dataset/labels/IMG_5746.xml,295,1412,2482,1480,2535,IMG_5746,25,8064,6048,True,38
dataset/images/IMG_5746.jpg,dataset/labels/IMG_5746.xml,296,1237,2836,1287,2892,IMG_5746,25,8064,6048,True,38
dataset/images/IMG_5746.jpg,dataset/labels/IMG_5746.xml,297,1348,2984,1396,3037,IMG_5746,25,8064,6048,True,38
dataset/images/IMG_5746.jpg,dataset/labels/IMG_5746.xml,298,1229,2997,1293,3061,IMG_5746,25,8064,6048,True,38
dataset/images/IMG_5746.jpg,dataset/labels/IMG_5746.xml,299,1650,3455,1710,3505,IMG_5746,25,8064,6048,True,38
dataset/images/IMG_5746.jpg,dataset/labels/IMG_5746.xml,300,2181,3418,2252,3465,IMG_5746,25,8064,6048,True,38
dataset/images/IMG_5746.jpg,dataset/labels/IMG_5746.xml,301,2559,4534,2615,4581,IMG_5746,25,8064,6048,True,38
dataset/images/IMG_5746.jpg,dataset/labels/IMG_5746.xml,302,3389,4523,3450,4579,IMG_5746,25,8064,6048,True,38
dataset/images/IMG_5746.jpg,dataset/labels/IMG_5746.xml,303,3247,4909,3307,4954,IMG_5746,25,8064,6048,True,38
dataset/images/IMG_5746.jpg,dataset/labels/IMG_5746.xml,304,2781,5404,2839,5467,IMG_5746,25,8064,6048,True,38
dataset/images/IMG_5746.jpg,dataset/labels/IMG_5746.xml,305,3077,5411,3138,5478,IMG_5746,25,8064,6048,True,38
dataset/images/IMG_5746.jpg,dataset/labels/IMG_5746.xml,306,2065,5753,2128,5808,IMG_5746,25,8064,6048,True,38
dataset/images/IMG_5746.jpg,dataset/labels/IMG_5746.xml,307,814,4848,878,4904,IMG_5746,25,8064,6048,True,38
dataset/images/IMG_5746.jpg,dataset/labels/IMG_5746.xml,308,3178,6310,3239,6371,IMG_5746,25,8064,6048,True,38
dataset/images/IMG_5746.jpg,dataset/labels/IMG_5746.xml,309,1620,6704,1676,6765,IMG_5746,25,8064,6048,True,38
dataset/images/IMG_5746.jpg,dataset/labels/IMG_5746.xml,310,275,7254,321,7317,IMG_5746,25,8064,6048,True,38
dataset/images/IMG_5746.jpg,dataset/labels/IMG_5746.xml,311,225,7273,266,7336,IMG_5746,25,8064,6048,True,38
dataset/images/IMG_5746.jpg,dataset/labels/IMG_5746.xml,312,370,821,417,879,IMG_5746,25,8064,6048,True,38
dataset/images/IMG_5746.jpg,dataset/labels/IMG_5746.xml,313,124,1225,182,1272,IMG_5746,25,8064,6048,True,38
dataset/images/IMG_5746.jpg,dataset/labels/IMG_5746.xml,314,5008,125,5063,179,IMG_5746,25,8064,6048,True,38
dataset/images/IMG_5792.jpg,dataset/labels/IMG_5792.xml,315,373,4828,422,4896,IMG_5792,26,8064,6048,True,2
dataset/images/IMG_5792.jpg,dataset/labels/IMG_5792.xml,316,2400,103,2460,168,IMG_5792,26,8064,6048,True,2
dataset/images/IMG_5677.jpg,dataset/labels/IMG_5677.xml,317,3333,1801,3398,1867,IMG_5677,27,8064,6048,True,7
dataset/images/IMG_5677.jpg,dataset/labels/IMG_5677.xml,318,3527,7574,3566,7634,IMG_5677,27,8064,6048,True,7
dataset/images/IMG_5677.jpg,dataset/labels/IMG_5677.xml,319,5392,3747,5446,3829,IMG_5677,27,8064,6048,True,7
dataset/images/IMG_5677.jpg,dataset/labels/IMG_5677.xml,320,5067,3025,5149,3085,IMG_5677,27,8064,6048,True,7
dataset/images/IMG_5677.jpg,dataset/labels/IMG_5677.xml,321,4719,2509,4784,2571,IMG_5677,27,8064,6048,True,7
dataset/images/IMG_5677.jpg,dataset/labels/IMG_5677.xml,322,3618,2648,3681,2723,IMG_5677,27,8064,6048,True,7
dataset/images/IMG_5677.jpg,dataset/labels/IMG_5677.xml,323,5309,1040,5369,1103,IMG_5677,27,8064,6048,True,7
dataset/images/IMG_5908.jpg,dataset/labels/IMG_5908.xml,324,3190,2825,3244,2871,IMG_5908,28,8064,6048,True,16
dataset/images/IMG_5908.jpg,dataset/labels/IMG_5908.xml,325,2123,1297,2186,1345,IMG_5908,28,8064,6048,True,16
dataset/images/IMG_5908.jpg,dataset/labels/IMG_5908.xml,326,2591,1154,2640,1214,IMG_5908,28,8064,6048,True,16
dataset/images/IMG_5908.jpg,dataset/labels/IMG_5908.xml,327,649,1396,706,1448,IMG_5908,28,8064,6048,True,16
dataset/images/IMG_5908.jpg,dataset/labels/IMG_5908.xml,328,521,1858,580,1930,IMG_5908,28,8064,6048,True,16
dataset/images/IMG_5908.jpg,dataset/labels/IMG_5908.xml,329,1179,3590,1245,3632,IMG_5908,28,8064,6048,True,16
dataset/images/IMG_5908.jpg,dataset/labels/IMG_5908.xml,330,960,3570,1014,3635,IMG_5908,28,8064,6048,True,16
dataset/images/IMG_5908.jpg,dataset/labels/IMG_5908.xml,331,3224,4223,3284,4266,IMG_5908,28,8064,6048,True,16
dataset/images/IMG_5908.jpg,dataset/labels/IMG_5908.xml,332,4930,989,4990,1051,IMG_5908,28,8064,6048,True,16
dataset/images/IMG_5908.jpg,dataset/labels/IMG_5908.xml,333,3293,5826,3333,5891,IMG_5908,28,8064,6048,True,16
dataset/images/IMG_5908.jpg,dataset/labels/IMG_5908.xml,334,2312,5666,2363,5726,IMG_5908,28,8064,6048,True,16
dataset/images/IMG_5908.jpg,dataset/labels/IMG_5908.xml,335,4856,5067,4910,5121,IMG_5908,28,8064,6048,True,16
dataset/images/IMG_5908.jpg,dataset/labels/IMG_5908.xml,336,1282,5863,1339,5925,IMG_5908,28,8064,6048,True,16
dataset/images/IMG_5908.jpg,dataset/labels/IMG_5908.xml,337,2286,7169,2340,7232,IMG_5908,28,8064,6048,True,16
dataset/images/IMG_5908.jpg,dataset/labels/IMG_5908.xml,338,261,960,302,1010,IMG_5908,28,8064,6048,True,16
dataset/images/IMG_5908.jpg,dataset/labels/IMG_5908.xml,339,253,6642,299,6694,IMG_5908,28,8064,6048,True,16
dataset/images/IMG_5959.jpg,dataset/labels/IMG_5959.xml,340,660,4147,730,4199,IMG_5959,29,8064,6048,True,15
dataset/images/IMG_5959.jpg,dataset/labels/IMG_5959.xml,341,4366,4413,4418,4463,IMG_5959,29,8064,6048,True,15
dataset/images/IMG_5959.jpg,dataset/labels/IMG_5959.xml,342,4901,4466,4978,4530,IMG_5959,29,8064,6048,True,15
dataset/images/IMG_5959.jpg,dataset/labels/IMG_5959.xml,343,2469,3629,2533,3713,IMG_5959,29,8064,6048,True,15
dataset/images/IMG_5959.jpg,dataset/labels/IMG_5959.xml,344,4304,2209,4351,2267,IMG_5959,29,8064,6048,True,15
dataset/images/IMG_5959.jpg,dataset/labels/IMG_5959.xml,345,4658,933,4729,991,IMG_5959,29,8064,6048,True,15
dataset/images/IMG_5959.jpg,dataset/labels/IMG_5959.xml,346,5519,3719,5571,3785,IMG_5959,29,8064,6048,True,15
dataset/images/IMG_5959.jpg,dataset/labels/IMG_5959.xml,347,5942,3550,5994,3610,IMG_5959,29,8064,6048,True,15
dataset/images/IMG_5959.jpg,dataset/labels/IMG_5959.xml,348,5986,2974,6038,3025,IMG_5959,29,8064,6048,True,15
dataset/images/IMG_5959.jpg,dataset/labels/IMG_5959.xml,349,3768,3034,3834,3088,IMG_5959,29,8064,6048,True,15
dataset/images/IMG_5959.jpg,dataset/labels/IMG_5959.xml,350,5980,2140,6041,2201,IMG_5959,29,8064,6048,True,15
dataset/images/IMG_5959.jpg,dataset/labels/IMG_5959.xml,351,5882,1611,5931,1671,IMG_5959,29,8064,6048,True,15
dataset/images/IMG_5959.jpg,dataset/labels/IMG_5959.xml,352,5980,1466,6038,1518,IMG_5959,29,8064,6048,True,15
dataset/images/IMG_5959.jpg,dataset/labels/IMG_5959.xml,353,5866,1378,5909,1441,IMG_5959,29,8064,6048,True,15
dataset/images/IMG_5959.jpg,dataset/labels/IMG_5959.xml,354,4975,0,5024,32,IMG_5959,29,8064,6048,True,15
dataset/images/IMG_5794.jpg,dataset/labels/IMG_5794.xml,355,2879,4291,2948,4354,IMG_5794,30,8064,6048,True,6
dataset/images/IMG_5794.jpg,dataset/labels/IMG_5794.xml,356,4339,2058,4405,2115,IMG_5794,30,8064,6048,True,6
dataset/images/IMG_5794.jpg,dataset/labels/IMG_5794.xml,357,2754,2717,2822,2771,IMG_5794,30,8064,6048,True,6
dataset/images/IMG_5794.jpg,dataset/labels/IMG_5794.xml,358,3307,1613,3364,1690,IMG_5794,30,8064,6048,True,6
dataset/images/IMG_5794.jpg,dataset/labels/IMG_5794.xml,359,4978,4893,5024,4956,IMG_5794,30,8064,6048,True,6
dataset/images/IMG_5794.jpg,dataset/labels/IMG_5794.xml,360,1895,116,1954,174,IMG_5794,30,8064,6048,True,6
dataset/images/IMG_5910.jpg,dataset/labels/IMG_5910.xml,361,3310,3111,3373,3170,IMG_5910,31,8064,6048,False,12
dataset/images/IMG_5910.jpg,dataset/labels/IMG_5910.xml,362,3532,2580,3584,2651,IMG_5910,31,8064,6048,False,12
dataset/images/IMG_5910.jpg,dataset/labels/IMG_5910.xml,363,3062,2072,3127,2152,IMG_5910,31,8064,6048,False,12
dataset/images/IMG_5910.jpg,dataset/labels/IMG_5910.xml,364,4174,3498,4242,3581,IMG_5910,31,8064,6048,False,12
dataset/images/IMG_5910.jpg,dataset/labels/IMG_5910.xml,365,4727,606,4779,681,IMG_5910,31,8064,6048,False,12
dataset/images/IMG_5910.jpg,dataset/labels/IMG_5910.xml,366,4647,624,4716,701,IMG_5910,31,8064,6048,False,12
dataset/images/IMG_5910.jpg,dataset/labels/IMG_5910.xml,367,5121,1642,5178,1707,IMG_5910,31,8064,6048,False,12
dataset/images/IMG_5910.jpg,dataset/labels/IMG_5910.xml,368,4613,6912,4662,6964,IMG_5910,31,8064,6048,False,12
dataset/images/IMG_5910.jpg,dataset/labels/IMG_5910.xml,369,4605,7380,4647,7454,IMG_5910,31,8064,6048,False,12
dataset/images/IMG_5910.jpg,dataset/labels/IMG_5910.xml,370,5833,6098,5900,6162,IMG_5910,31,8064,6048,False,12
dataset/images/IMG_5910.jpg,dataset/labels/IMG_5910.xml,371,5903,3578,5973,3636,IMG_5910,31,8064,6048,False,12
dataset/images/IMG_5910.jpg,dataset/labels/IMG_5910.xml,372,5675,3554,5736,3618,IMG_5910,31,8064,6048,False,12
dataset/images/IMG_5862.jpg,dataset/labels/IMG_5862.xml,373,2451,5292,2491,5361,IMG_5862,32,8064,6048,True,1
dataset/images/IMG_5702.jpg,dataset/labels/IMG_5702.xml,374,3050,3447,3102,3504,IMG_5702,33,8064,6048,True,20
dataset/images/IMG_5702.jpg,dataset/labels/IMG_5702.xml,375,3276,1140,3321,1197,IMG_5702,33,8064,6048,True,20
dataset/images/IMG_5702.jpg,dataset/labels/IMG_5702.xml,376,3447,1479,3495,1539,IMG_5702,33,8064,6048,True,20
dataset/images/IMG_5702.jpg,dataset/labels/IMG_5702.xml,377,2460,897,2514,943,IMG_5702,33,8064,6048,True,20
dataset/images/IMG_5702.jpg,dataset/labels/IMG_5702.xml,378,2791,1120,2842,1174,IMG_5702,33,8064,6048,True,20
dataset/images/IMG_5702.jpg,dataset/labels/IMG_5702.xml,379,3241,2112,3298,2172,IMG_5702,33,8064,6048,True,20
dataset/images/IMG_5702.jpg,dataset/labels/IMG_5702.xml,380,3475,2529,3538,2589,IMG_5702,33,8064,6048,True,20
dataset/images/IMG_5702.jpg,dataset/labels/IMG_5702.xml,381,2962,2594,3016,2654,IMG_5702,33,8064,6048,True,20
dataset/images/IMG_5702.jpg,dataset/labels/IMG_5702.xml,382,2802,2577,2851,2651,IMG_5702,33,8064,6048,True,20
dataset/images/IMG_5702.jpg,dataset/labels/IMG_5702.xml,383,3241,2962,3298,3028,IMG_5702,33,8064,6048,True,20
dataset/images/IMG_5702.jpg,dataset/labels/IMG_5702.xml,384,3592,2957,3655,3011,IMG_5702,33,8064,6048,True,20
dataset/images/IMG_5702.jpg,dataset/labels/IMG_5702.xml,385,3042,5817,3104,5888,IMG_5702,33,8064,6048,True,20
dataset/images/IMG_5702.jpg,dataset/labels/IMG_5702.xml,386,3541,6111,3604,6168,IMG_5702,33,8064,6048,True,20
dataset/images/IMG_5702.jpg,dataset/labels/IMG_5702.xml,387,1559,5289,1607,5344,IMG_5702,33,8064,6048,True,20
dataset/images/IMG_5702.jpg,dataset/labels/IMG_5702.xml,388,1644,4445,1713,4488,IMG_5702,33,8064,6048,True,20
dataset/images/IMG_5702.jpg,dataset/labels/IMG_5702.xml,389,2009,1100,2075,1177,IMG_5702,33,8064,6048,True,20
dataset/images/IMG_5702.jpg,dataset/labels/IMG_5702.xml,390,3413,223,3473,275,IMG_5702,33,8064,6048,True,20
dataset/images/IMG_5702.jpg,dataset/labels/IMG_5702.xml,391,2514,78,2561,127,IMG_5702,33,8064,6048,True,20
dataset/images/IMG_5702.jpg,dataset/labels/IMG_5702.xml,392,2738,532,2785,600,IMG_5702,33,8064,6048,True,20
dataset/images/IMG_5702.jpg,dataset/labels/IMG_5702.xml,393,1911,545,1965,603,IMG_5702,33,8064,6048,True,20
dataset/images/IMG_5885.jpg,dataset/labels/IMG_5885.xml,394,3270,4257,3324,4325,IMG_5885,34,8064,6048,False,10
dataset/images/IMG_5885.jpg,dataset/labels/IMG_5885.xml,395,1892,1665,1952,1739,IMG_5885,34,8064,6048,False,10
dataset/images/IMG_5885.jpg,dataset/labels/IMG_5885.xml,396,1077,1727,1131,1787,IMG_5885,34,8064,6048,False,10
dataset/images/IMG_5885.jpg,dataset/labels/IMG_5885.xml,397,1302,3173,1370,3239,IMG_5885,34,8064,6048,False,10
dataset/images/IMG_5885.jpg,dataset/labels/IMG_5885.xml,398,435,5127,492,5192,IMG_5885,34,8064,6048,False,10
dataset/images/IMG_5885.jpg,dataset/labels/IMG_5885.xml,399,1978,5863,2046,5917,IMG_5885,34,8064,6048,False,10
dataset/images/IMG_5885.jpg,dataset/labels/IMG_5885.xml,400,1342,5905,1410,5968,IMG_5885,34,8064,6048,False,10
dataset/images/IMG_5885.jpg,dataset/labels/IMG_5885.xml,401,652,6330,712,6399,IMG_5885,34,8064,6048,False,10
dataset/images/IMG_5885.jpg,dataset/labels/IMG_5885.xml,402,1159,6661,1214,6718,IMG_5885,34,8064,6048,False,10
dataset/images/IMG_5885.jpg,dataset/labels/IMG_5885.xml,403,5486,6442,5546,6502,IMG_5885,34,8064,6048,False,10
dataset/images/IMG_5814.jpg,dataset/labels/IMG_5814.xml,404,3549,943,3621,1011,IMG_5814,35,8064,6048,True,11
dataset/images/IMG_5814.jpg,dataset/labels/IMG_5814.xml,405,1148,2244,1208,2309,IMG_5814,35,8064,6048,True,11
dataset/images/IMG_5814.jpg,dataset/labels/IMG_5814.xml,406,3042,3997,3107,4072,IMG_5814,35,8064,6048,True,11
dataset/images/IMG_5814.jpg,dataset/labels/IMG_5814.xml,407,4394,5555,4459,5637,IMG_5814,35,8064,6048,True,11
dataset/images/IMG_5814.jpg,dataset/labels/IMG_5814.xml,408,5460,5920,5514,5985,IMG_5814,35,8064,6048,True,11
dataset/images/IMG_5814.jpg,dataset/labels/IMG_5814.xml,409,3373,6464,3441,6530,IMG_5814,35,8064,6048,True,11
dataset/images/IMG_5814.jpg,dataset/labels/IMG_5814.xml,410,1159,6670,1219,6747,IMG_5814,35,8064,6048,True,11
dataset/images/IMG_5814.jpg,dataset/labels/IMG_5814.xml,411,2400,6000,2457,6068,IMG_5814,35,8064,6048,True,11
dataset/images/IMG_5814.jpg,dataset/labels/IMG_5814.xml,412,1890,4203,1961,4266,IMG_5814,35,8064,6048,True,11
dataset/images/IMG_5814.jpg,dataset/labels/IMG_5814.xml,413,1385,4180,1447,4240,IMG_5814,35,8064,6048,True,11
dataset/images/IMG_5814.jpg,dataset/labels/IMG_5814.xml,414,113,6276,163,6328,IMG_5814,35,8064,6048,True,11
dataset/images/IMG_5561.jpg,dataset/labels/IMG_5561.xml,415,1790,1964,1852,2021,IMG_5561,36,8064,6048,True,3
dataset/images/IMG_5561.jpg,dataset/labels/IMG_5561.xml,416,2411,6718,2468,6784,IMG_5561,36,8064,6048,True,3
dataset/images/IMG_5561.jpg,dataset/labels/IMG_5561.xml,417,4562,4015,4616,4066,IMG_5561,36,8064,6048,True,3
dataset/images/IMG_5745.jpg,dataset/labels/IMG_5745.xml,418,3006,3836,3080,3896,IMG_5745,37,8064,6048,True,28
dataset/images/IMG_5745.jpg,dataset/labels/IMG_5745.xml,419,3360,1170,3429,1229,IMG_5745,37,8064,6048,True,28
dataset/images/IMG_5745.jpg,dataset/labels/IMG_5745.xml,420,2189,3042,2247,3108,IMG_5745,37,8064,6048,True,28
dataset/images/IMG_5745.jpg,dataset/labels/IMG_5745.xml,421,658,2170,711,2236,IMG_5745,37,8064,6048,True,28
dataset/images/IMG_5745.jpg,dataset/labels/IMG_5745.xml,422,745,2508,817,2572,IMG_5745,37,8064,6048,True,28
dataset/images/IMG_5745.jpg,dataset/labels/IMG_5745.xml,423,1232,3510,1285,3569,IMG_5745,37,8064,6048,True,28
dataset/images/IMG_5745.jpg,dataset/labels/IMG_5745.xml,424,1134,3957,1190,4015,IMG_5745,37,8064,6048,True,28
dataset/images/IMG_5745.jpg,dataset/labels/IMG_5745.xml,425,3403,5216,3456,5282,IMG_5745,37,8064,6048,True,28
dataset/images/IMG_5745.jpg,dataset/labels/IMG_5745.xml,426,2073,5501,2136,5565,IMG_5745,37,8064,6048,True,28
dataset/images/IMG_5745.jpg,dataset/labels/IMG_5745.xml,427,2215,5612,2260,5668,IMG_5745,37,8064,6048,True,28
dataset/images/IMG_5745.jpg,dataset/labels/IMG_5745.xml,428,1308,5768,1364,5819,IMG_5745,37,8064,6048,True,28
dataset/images/IMG_5745.jpg,dataset/labels/IMG_5745.xml,429,1504,4711,1562,4766,IMG_5745,37,8064,6048,True,28
dataset/images/IMG_5745.jpg,dataset/labels/IMG_5745.xml,430,1108,6414,1166,6474,IMG_5745,37,8064,6048,True,28
dataset/images/IMG_5745.jpg,dataset/labels/IMG_5745.xml,431,1470,6554,1520,6622,IMG_5745,37,8064,6048,True,28
dataset/images/IMG_5745.jpg,dataset/labels/IMG_5745.xml,432,3247,6961,3310,7024,IMG_5745,37,8064,6048,True,28
dataset/images/IMG_5745.jpg,dataset/labels/IMG_5745.xml,433,3485,6675,3540,6744,IMG_5745,37,8064,6048,True,28
dataset/images/IMG_5745.jpg,dataset/labels/IMG_5745.xml,434,4907,6424,4965,6509,IMG_5745,37,8064,6048,True,28
dataset/images/IMG_5745.jpg,dataset/labels/IMG_5745.xml,435,4815,5917,4881,5988,IMG_5745,37,8064,6048,True,28
dataset/images/IMG_5745.jpg,dataset/labels/IMG_5745.xml,436,4883,5475,4957,5560,IMG_5745,37,8064,6048,True,28
dataset/images/IMG_5745.jpg,dataset/labels/IMG_5745.xml,437,4130,4428,4193,4489,IMG_5745,37,8064,6048,True,28
dataset/images/IMG_5745.jpg,dataset/labels/IMG_5745.xml,438,108,2441,160,2515,IMG_5745,37,8064,6048,True,28
dataset/images/IMG_5745.jpg,dataset/labels/IMG_5745.xml,439,244,3719,310,3777,IMG_5745,37,8064,6048,True,28
dataset/images/IMG_5745.jpg,dataset/labels/IMG_5745.xml,440,40,6795,92,6839,IMG_5745,37,8064,6048,True,28
dataset/images/IMG_5745.jpg,dataset/labels/IMG_5745.xml,441,4,5481,59,5547,IMG_5745,37,8064,6048,True,28
dataset/images/IMG_5745.jpg,dataset/labels/IMG_5745.xml,442,119,7352,173,7396,IMG_5745,37,8064,6048,True,28
dataset/images/IMG_5745.jpg,dataset/labels/IMG_5745.xml,443,1373,7327,1416,7388,IMG_5745,37,8064,6048,True,28
dataset/images/IMG_5745.jpg,dataset/labels/IMG_5745.xml,444,1534,7975,1594,8035,IMG_5745,37,8064,6048,True,28
dataset/images/IMG_5745.jpg,dataset/labels/IMG_5745.xml,445,2981,7849,3041,7901,IMG_5745,37,8064,6048,True,28
dataset/images/IMG_5956.jpg,dataset/labels/IMG_5956.xml,446,2642,1853,2719,1927,IMG_5956,38,8064,6048,False,46
dataset/images/IMG_5956.jpg,dataset/labels/IMG_5956.xml,447,817,2052,888,2132,IMG_5956,38,8064,6048,False,46
dataset/images/IMG_5956.jpg,dataset/labels/IMG_5956.xml,448,1379,2583,1445,2646,IMG_5956,38,8064,6048,False,46
dataset/images/IMG_5956.jpg,dataset/labels/IMG_5956.xml,449,983,3068,1051,3139,IMG_5956,38,8064,6048,False,46
dataset/images/IMG_5956.jpg,dataset/labels/IMG_5956.xml,450,2363,3150,2437,3227,IMG_5956,38,8064,6048,False,46
dataset/images/IMG_5956.jpg,dataset/labels/IMG_5956.xml,451,3960,2711,4014,2780,IMG_5956,38,8064,6048,False,46
dataset/images/IMG_5956.jpg,dataset/labels/IMG_5956.xml,452,4990,3384,5050,3461,IMG_5956,38,8064,6048,False,46
dataset/images/IMG_5956.jpg,dataset/labels/IMG_5956.xml,453,5152,3940,5201,4000,IMG_5956,38,8064,6048,False,46
dataset/images/IMG_5956.jpg,dataset/labels/IMG_5956.xml,454,4565,4508,4619,4576,IMG_5956,38,8064,6048,False,46
dataset/images/IMG_5956.jpg,dataset/labels/IMG_5956.xml,455,4331,4223,4388,4288,IMG_5956,38,8064,6048,False,46
dataset/images/IMG_5956.jpg,dataset/labels/IMG_5956.xml,456,3912,4049,3977,4097,IMG_5956,38,8064,6048,False,46
dataset/images/IMG_5956.jpg,dataset/labels/IMG_5956.xml,457,3740,4063,3800,4129,IMG_5956,38,8064,6048,False,46
dataset/images/IMG_5956.jpg,dataset/labels/IMG_5956.xml,458,3715,4340,3775,4394,IMG_5956,38,8064,6048,False,46
dataset/images/IMG_5956.jpg,dataset/labels/IMG_5956.xml,459,3173,4545,3233,4611,IMG_5956,38,8064,6048,False,46
dataset/images/IMG_5956.jpg,dataset/labels/IMG_5956.xml,460,2269,4012,2314,4077,IMG_5956,38,8064,6048,False,46
dataset/images/IMG_5956.jpg,dataset/labels/IMG_5956.xml,461,2046,4089,2103,4151,IMG_5956,38,8064,6048,False,46
dataset/images/IMG_5956.jpg,dataset/labels/IMG_5956.xml,462,1653,4482,1707,4542,IMG_5956,38,8064,6048,False,46
dataset/images/IMG_5956.jpg,dataset/labels/IMG_5956.xml,463,1921,4904,1975,4984,IMG_5956,38,8064,6048,False,46
dataset/images/IMG_5956.jpg,dataset/labels/IMG_5956.xml,464,891,3384,951,3447,IMG_5956,38,8064,6048,False,46
dataset/images/IMG_5956.jpg,dataset/labels/IMG_5956.xml,465,643,3441,709,3510,IMG_5956,38,8064,6048,False,46
dataset/images/IMG_5956.jpg,dataset/labels/IMG_5956.xml,466,1005,3749,1080,3806,IMG_5956,38,8064,6048,False,46
dataset/images/IMG_5956.jpg,dataset/labels/IMG_5956.xml,467,951,4904,1014,4979,IMG_5956,38,8064,6048,False,46
dataset/images/IMG_5956.jpg,dataset/labels/IMG_5956.xml,468,743,4779,811,4847,IMG_5956,38,8064,6048,False,46
dataset/images/IMG_5956.jpg,dataset/labels/IMG_5956.xml,469,603,5880,655,5931,IMG_5956,38,8064,6048,False,46
dataset/images/IMG_5956.jpg,dataset/labels/IMG_5956.xml,470,2708,5292,2768,5349,IMG_5956,38,8064,6048,False,46
dataset/images/IMG_5956.jpg,dataset/labels/IMG_5956.xml,471,1727,6721,1778,6781,IMG_5956,38,8064,6048,False,46
dataset/images/IMG_5956.jpg,dataset/labels/IMG_5956.xml,472,2029,6767,2103,6824,IMG_5956,38,8064,6048,False,46
dataset/images/IMG_5956.jpg,dataset/labels/IMG_5956.xml,473,3444,6858,3498,6935,IMG_5956,38,8064,6048,False,46
dataset/images/IMG_5956.jpg,dataset/labels/IMG_5956.xml,474,4208,6747,4260,6807,IMG_5956,38,8064,6048,False,46
dataset/images/IMG_5956.jpg,dataset/labels/IMG_5956.xml,475,3983,6838,4040,6898,IMG_5956,38,8064,6048,False,46
dataset/images/IMG_5956.jpg,dataset/labels/IMG_5956.xml,476,4961,5766,5021,5811,IMG_5956,38,8064,6048,False,46
dataset/images/IMG_5956.jpg,dataset/labels/IMG_5956.xml,477,3595,5170,3655,5212,IMG_5956,38,8064,6048,False,46
dataset/images/IMG_5956.jpg,dataset/labels/IMG_5956.xml,478,2879,5426,2930,5495,IMG_5956,38,8064,6048,False,46
dataset/images/IMG_5956.jpg,dataset/labels/IMG_5956.xml,479,8,1723,63,1787,IMG_5956,38,8064,6048,False,46
dataset/images/IMG_5956.jpg,dataset/labels/IMG_5956.xml,480,318,6746,360,6797,IMG_5956,38,8064,6048,False,46
dataset/images/IMG_5956.jpg,dataset/labels/IMG_5956.xml,481,837,7188,886,7248,IMG_5956,38,8064,6048,False,46
dataset/images/IMG_5956.jpg,dataset/labels/IMG_5956.xml,482,1102,7396,1162,7456,IMG_5956,38,8064,6048,False,46
dataset/images/IMG_5956.jpg,dataset/labels/IMG_5956.xml,483,1102,7781,1160,7835,IMG_5956,38,8064,6048,False,46
dataset/images/IMG_5956.jpg,dataset/labels/IMG_5956.xml,484,1383,7573,1422,7625,IMG_5956,38,8064,6048,False,46
dataset/images/IMG_5956.jpg,dataset/labels/IMG_5956.xml,485,1482,7426,1534,7480,IMG_5956,38,8064,6048,False,46
dataset/images/IMG_5956.jpg,dataset/labels/IMG_5956.xml,486,1370,7333,1424,7398,IMG_5956,38,8064,6048,False,46
dataset/images/IMG_5956.jpg,dataset/labels/IMG_5956.xml,487,1651,6994,1709,7043,IMG_5956,38,8064,6048,False,46
dataset/images/IMG_5956.jpg,dataset/labels/IMG_5956.xml,488,2271,7508,2320,7540,IMG_5956,38,8064,6048,False,46
dataset/images/IMG_5956.jpg,dataset/labels/IMG_5956.xml,489,3112,7814,3153,7871,IMG_5956,38,8064,6048,False,46
dataset/images/IMG_5956.jpg,dataset/labels/IMG_5956.xml,490,3618,7262,3675,7327,IMG_5956,38,8064,6048,False,46
dataset/images/IMG_5956.jpg,dataset/labels/IMG_5956.xml,491,4170,7420,4208,7469,IMG_5956,38,8064,6048,False,46
dataset/images/IMG_5560.jpg,dataset/labels/IMG_5560.xml,492,2774,4360,2845,4414,IMG_5560,39,8064,6048,True,9
dataset/images/IMG_5560.jpg,dataset/labels/IMG_5560.xml,493,1410,3829,1473,3881,IMG_5560,39,8064,6048,True,9
dataset/images/IMG_5560.jpg,dataset/labels/IMG_5560.xml,494,1425,455,1473,521,IMG_5560,39,8064,6048,True,9
dataset/images/IMG_5560.jpg,dataset/labels/IMG_5560.xml,495,1599,1958,1647,2015,IMG_5560,39,8064,6048,True,9
dataset/images/IMG_5560.jpg,dataset/labels/IMG_5560.xml,496,5580,5344,5631,5404,IMG_5560,39,8064,6048,True,9
dataset/images/IMG_5560.jpg,dataset/labels/IMG_5560.xml,497,5631,5378,5683,5443,IMG_5560,39,8064,6048,True,9
dataset/images/IMG_5560.jpg,dataset/labels/IMG_5560.xml,498,2911,6068,2962,6128,IMG_5560,39,8064,6048,True,9
dataset/images/IMG_5560.jpg,dataset/labels/IMG_5560.xml,499,5570,4904,5621,4957,IMG_5560,39,8064,6048,True,9
dataset/images/IMG_5560.jpg,dataset/labels/IMG_5560.xml,500,5639,5201,5690,5267,IMG_5560,39,8064,6048,True,9
dataset/images/IMG_5748.jpg,dataset/labels/IMG_5748.xml,501,4476,2080,4529,2135,IMG_5748,40,8064,6048,True,20
dataset/images/IMG_5748.jpg,dataset/labels/IMG_5748.xml,502,3363,7149,3440,7220,IMG_5748,40,8064,6048,True,20
dataset/images/IMG_5748.jpg,dataset/labels/IMG_5748.xml,503,4759,7453,4801,7521,IMG_5748,40,8064,6048,True,20
dataset/images/IMG_5748.jpg,dataset/labels/IMG_5748.xml,504,4807,7440,4854,7495,IMG_5748,40,8064,6048,True,20
dataset/images/IMG_5748.jpg,dataset/labels/IMG_5748.xml,505,4243,5647,4291,5721,IMG_5748,40,8064,6048,True,20
dataset/images/IMG_5748.jpg,dataset/labels/IMG_5748.xml,506,5296,4986,5351,5041,IMG_5748,40,8064,6048,True,20
dataset/images/IMG_5748.jpg,dataset/labels/IMG_5748.xml,507,5174,4708,5230,4758,IMG_5748,40,8064,6048,True,20
dataset/images/IMG_5748.jpg,dataset/labels/IMG_5748.xml,508,4611,4002,4669,4060,IMG_5748,40,8064,6048,True,20
dataset/images/IMG_5748.jpg,dataset/labels/IMG_5748.xml,509,5108,3413,5166,3468,IMG_5748,40,8064,6048,True,20
dataset/images/IMG_5748.jpg,dataset/labels/IMG_5748.xml,510,4167,1456,4225,1519,IMG_5748,40,8064,6048,True,20
dataset/images/IMG_5748.jpg,dataset/labels/IMG_5748.xml,511,4381,1509,4439,1564,IMG_5748,40,8064,6048,True,20
dataset/images/IMG_5748.jpg,dataset/labels/IMG_5748.xml,512,4619,1131,4677,1184,IMG_5748,40,8064,6048,True,20
dataset/images/IMG_5748.jpg,dataset/labels/IMG_5748.xml,513,5721,272,5778,349,IMG_5748,40,8064,6048,True,20
dataset/images/IMG_5748.jpg,dataset/labels/IMG_5748.xml,514,5486,1031,5535,1086,IMG_5748,40,8064,6048,True,20
dataset/images/IMG_5748.jpg,dataset/labels/IMG_5748.xml,515,5691,982,5729,1034,IMG_5748,40,8064,6048,True,20
dataset/images/IMG_5748.jpg,dataset/labels/IMG_5748.xml,516,5653,3001,5688,3064,IMG_5748,40,8064,6048,True,20
dataset/images/IMG_5748.jpg,dataset/labels/IMG_5748.xml,517,5759,3143,5822,3198,IMG_5748,40,8064,6048,True,20
dataset/images/IMG_5748.jpg,dataset/labels/IMG_5748.xml,518,5655,3165,5710,3211,IMG_5748,40,8064,6048,True,20
dataset/images/IMG_5748.jpg,dataset/labels/IMG_5748.xml,519,5983,2580,6046,2629,IMG_5748,40,8064,6048,True,20
dataset/images/IMG_5748.jpg,dataset/labels/IMG_5748.xml,520,5754,1960,5797,2004,IMG_5748,40,8064,6048,True,20
dataset/images/IMG_5791.jpg,dataset/labels/IMG_5791.xml,521,2600,3610,2657,3672,IMG_5791,41,8064,6048,True,4
dataset/images/IMG_5791.jpg,dataset/labels/IMG_5791.xml,522,2223,7269,2289,7329,IMG_5791,41,8064,6048,True,4
dataset/images/IMG_5791.jpg,dataset/labels/IMG_5791.xml,523,2055,6641,2121,6713,IMG_5791,41,8064,6048,True,4
dataset/images/IMG_5791.jpg,dataset/labels/IMG_5791.xml,524,3758,5697,3820,5771,IMG_5791,41,8064,6048,True,4
dataset/images/IMG_5559.jpg,dataset/labels/IMG_5559.xml,525,1465,6964,1519,7023,IMG_5559,42,8064,6048,True,3
dataset/images/IMG_5559.jpg,dataset/labels/IMG_5559.xml,526,1621,4237,1681,4280,IMG_5559,42,8064,6048,True,3
dataset/images/IMG_5559.jpg,dataset/labels/IMG_5559.xml,527,3817,4357,3866,4411,IMG_5559,42,8064,6048,True,3
dataset/images/IMG_5979.jpg,dataset/labels/IMG_5979.xml,528,1299,2738,1375,2804,IMG_5979,43,8064,6048,True,3
dataset/images/IMG_5979.jpg,dataset/labels/IMG_5979.xml,529,1830,7191,1896,7257,IMG_5979,43,8064,6048,True,3
dataset/images/IMG_5979.jpg,dataset/labels/IMG_5979.xml,530,242,7718,314,7768,IMG_5979,43,8064,6048,True,3
dataset/images/IMG_5654.jpg,dataset/labels/IMG_5654.xml,531,3102,3667,3181,3741,IMG_5654,44,8064,6048,True,1
dataset/images/IMG_5887.jpg,dataset/labels/IMG_5887.xml,532,2594,1188,2660,1257,IMG_5887,45,8064,6048,False,10
dataset/images/IMG_5887.jpg,dataset/labels/IMG_5887.xml,533,3398,1434,3447,1505,IMG_5887,45,8064,6048,False,10
dataset/images/IMG_5887.jpg,dataset/labels/IMG_5887.xml,534,378,5404,444,5466,IMG_5887,45,8064,6048,False,10
dataset/images/IMG_5887.jpg,dataset/labels/IMG_5887.xml,535,3304,7531,3364,7605,IMG_5887,45,8064,6048,False,10
dataset/images/IMG_5887.jpg,dataset/labels/IMG_5887.xml,536,3458,6416,3518,6473,IMG_5887,45,8064,6048,False,10
dataset/images/IMG_5887.jpg,dataset/labels/IMG_5887.xml,537,5315,6493,5377,6564,IMG_5887,45,8064,6048,False,10
dataset/images/IMG_5887.jpg,dataset/labels/IMG_5887.xml,538,5141,5230,5201,5304,IMG_5887,45,8064,6048,False,10
dataset/images/IMG_5887.jpg,dataset/labels/IMG_5887.xml,539,4539,1973,4607,2032,IMG_5887,45,8064,6048,False,10
dataset/images/IMG_5887.jpg,dataset/labels/IMG_5887.xml,540,5871,1777,5920,1845,IMG_5887,45,8064,6048,False,10
dataset/images/IMG_5887.jpg,dataset/labels/IMG_5887.xml,541,5852,6822,5904,6896,IMG_5887,45,8064,6048,False,10
dataset/images/IMG_5629.jpg,dataset/labels/IMG_5629.xml,542,2275,3476,2332,3538,IMG_5629,46,8064,6048,True,12
dataset/images/IMG_5629.jpg,dataset/labels/IMG_5629.xml,543,1547,3769,1604,3846,IMG_5629,46,8064,6048,True,12
dataset/images/IMG_5629.jpg,dataset/labels/IMG_5629.xml,544,1445,4442,1504,4505,IMG_5629,46,8064,6048,True,12
dataset/images/IMG_5629.jpg,dataset/labels/IMG_5629.xml,545,1564,4676,1630,4748,IMG_5629,46,8064,6048,True,12
dataset/images/IMG_5629.jpg,dataset/labels/IMG_5629.xml,546,2571,4793,2634,4862,IMG_5629,46,8064,6048,True,12
dataset/images/IMG_5629.jpg,dataset/labels/IMG_5629.xml,547,1185,5344,1256,5415,IMG_5629,46,8064,6048,True,12
dataset/images/IMG_5629.jpg,dataset/labels/IMG_5629.xml,548,1159,6248,1225,6316,IMG_5629,46,8064,6048,True,12
dataset/images/IMG_5629.jpg,dataset/labels/IMG_5629.xml,549,1467,6527,1536,6590,IMG_5629,46,8064,6048,True,12
dataset/images/IMG_5629.jpg,dataset/labels/IMG_5629.xml,550,2708,6912,2762,6986,IMG_5629,46,8064,6048,True,12
dataset/images/IMG_5629.jpg,dataset/labels/IMG_5629.xml,551,632,7052,680,7120,IMG_5629,46,8064,6048,True,12
dataset/images/IMG_5629.jpg,dataset/labels/IMG_5629.xml,552,4128,4428,4200,4482,IMG_5629,46,8064,6048,True,12
dataset/images/IMG_5629.jpg,dataset/labels/IMG_5629.xml,553,0,5191,61,5266,IMG_5629,46,8064,6048,True,12
dataset/images/IMG_5771.jpg,dataset/labels/IMG_5771.xml,554,2602,256,2662,308,IMG_5771,47,8064,6048,True,2
dataset/images/IMG_5771.jpg,dataset/labels/IMG_5771.xml,555,2348,13,2413,65,IMG_5771,47,8064,6048,True,2
dataset/images/IMG_5958.jpg,dataset/labels/IMG_5958.xml,556,4978,7292,5052,7363,IMG_5958,48,8064,6048,True,7
dataset/images/IMG_5958.jpg,dataset/labels/IMG_5958.xml,557,4562,6242,4625,6310,IMG_5958,48,8064,6048,True,7
dataset/images/IMG_5958.jpg,dataset/labels/IMG_5958.xml,558,5204,5811,5272,5888,IMG_5958,48,8064,6048,True,7
dataset/images/IMG_5958.jpg,dataset/labels/IMG_5958.xml,559,4037,4151,4103,4214,IMG_5958,48,8064,6048,True,7
dataset/images/IMG_5958.jpg,dataset/labels/IMG_5958.xml,560,5830,3550,5888,3618,IMG_5958,48,8064,6048,True,7
dataset/images/IMG_5958.jpg,dataset/labels/IMG_5958.xml,561,5508,3965,5557,4017,IMG_5958,48,8064,6048,True,7
dataset/images/IMG_5958.jpg,dataset/labels/IMG_5958.xml,562,5855,4249,5926,4304,IMG_5958,48,8064,6048,True,7
dataset/images/IMG_5793.jpg,dataset/labels/IMG_5793.xml,563,2101,6604,2160,6664,IMG_5793,49,8064,6048,True,1
dataset/images/IMG_5562.jpg,dataset/labels/IMG_5562.xml,564,2702,5030,2765,5098,IMG_5562,50,8064,6048,True,4
dataset/images/IMG_5562.jpg,dataset/labels/IMG_5562.xml,565,3227,2175,3273,2238,IMG_5562,50,8064,6048,True,4
dataset/images/IMG_5562.jpg,dataset/labels/IMG_5562.xml,566,3179,2067,3230,2141,IMG_5562,50,8064,6048,True,4
dataset/images/IMG_5562.jpg,dataset/labels/IMG_5562.xml,567,2301,101,2370,159,IMG_5562,50,8064,6048,True,4
dataset/images/IMG_5675.jpg,dataset/labels/IMG_5675.xml,568,3435,287,3507,364,IMG_5675,51,8064,6048,True,7
dataset/images/IMG_5675.jpg,dataset/labels/IMG_5675.xml,569,2648,461,2714,518,IMG_5675,51,8064,6048,True,7
dataset/images/IMG_5675.jpg,dataset/labels/IMG_5675.xml,570,464,2281,541,2340,IMG_5675,51,8064,6048,True,7
dataset/images/IMG_5675.jpg,dataset/labels/IMG_5675.xml,571,2332,2295,2400,2375,IMG_5675,51,8064,6048,True,7
dataset/images/IMG_5675.jpg,dataset/labels/IMG_5675.xml,572,2289,2663,2366,2743,IMG_5675,51,8064,6048,True,7
dataset/images/IMG_5675.jpg,dataset/labels/IMG_5675.xml,573,2374,4825,2446,4882,IMG_5675,51,8064,6048,True,7
dataset/images/IMG_5675.jpg,dataset/labels/IMG_5675.xml,574,3900,3493,3971,3547,IMG_5675,51,8064,6048,True,7
dataset/images/IMG_5957.jpg,dataset/labels/IMG_5957.xml,575,2072,889,2138,954,IMG_5957,52,8064,6048,False,56
dataset/images/IMG_5957.jpg,dataset/labels/IMG_5957.xml,576,1744,869,1815,937,IMG_5957,52,8064,6048,False,56
dataset/images/IMG_5957.jpg,dataset/labels/IMG_5957.xml,577,1670,1128,1724,1191,IMG_5957,52,8064,6048,False,56
dataset/images/IMG_5957.jpg,dataset/labels/IMG_5957.xml,578,1465,1568,1533,1630,IMG_5957,52,8064,6048,False,56
dataset/images/IMG_5957.jpg,dataset/labels/IMG_5957.xml,579,1348,1479,1399,1548,IMG_5957,52,8064,6048,False,56
dataset/images/IMG_5957.jpg,dataset/labels/IMG_5957.xml,580,1356,1722,1416,1779,IMG_5957,52,8064,6048,False,56
dataset/images/IMG_5957.jpg,dataset/labels/IMG_5957.xml,581,786,1385,843,1451,IMG_5957,52,8064,6048,False,56
dataset/images/IMG_5957.jpg,dataset/labels/IMG_5957.xml,582,1042,1590,1097,1653,IMG_5957,52,8064,6048,False,56
dataset/images/IMG_5957.jpg,dataset/labels/IMG_5957.xml,583,2294,1599,2363,1647,IMG_5957,52,8064,6048,False,56
dataset/images/IMG_5957.jpg,dataset/labels/IMG_5957.xml,584,1972,1807,2044,1870,IMG_5957,52,8064,6048,False,56
dataset/images/IMG_5957.jpg,dataset/labels/IMG_5957.xml,585,1051,1978,1119,2030,IMG_5957,52,8064,6048,False,56
dataset/images/IMG_5957.jpg,dataset/labels/IMG_5957.xml,586,1408,2272,1470,2321,IMG_5957,52,8064,6048,False,56
dataset/images/IMG_5957.jpg,dataset/labels/IMG_5957.xml,587,1405,2489,1476,2540,IMG_5957,52,8064,6048,False,56
dataset/images/IMG_5957.jpg,dataset/labels/IMG_5957.xml,588,1787,2571,1855,2637,IMG_5957,52,8064,6048,False,56
dataset/images/IMG_5957.jpg,dataset/labels/IMG_5957.xml,589,740,2971,800,3036,IMG_5957,52,8064,6048,False,56
dataset/images/IMG_5957.jpg,dataset/labels/IMG_5957.xml,590,3250,2726,3316,2774,IMG_5957,52,8064,6048,False,56
dataset/images/IMG_5957.jpg,dataset/labels/IMG_5957.xml,591,3381,3347,3447,3407,IMG_5957,52,8064,6048,False,56
dataset/images/IMG_5957.jpg,dataset/labels/IMG_5957.xml,592,3133,3701,3190,3766,IMG_5957,52,8064,6048,False,56
dataset/images/IMG_5957.jpg,dataset/labels/IMG_5957.xml,593,2819,3784,2876,3832,IMG_5957,52,8064,6048,False,56
dataset/images/IMG_5957.jpg,dataset/labels/IMG_5957.xml,594,2788,4097,2839,4151,IMG_5957,52,8064,6048,False,56
dataset/images/IMG_5957.jpg,dataset/labels/IMG_5957.xml,595,1465,3721,1522,3778,IMG_5957,52,8064,6048,False,56
dataset/images/IMG_5957.jpg,dataset/labels/IMG_5957.xml,596,1422,3130,1496,3193,IMG_5957,52,8064,6048,False,56
dataset/images/IMG_5957.jpg,dataset/labels/IMG_5957.xml,597,3615,5318,3661,5378,IMG_5957,52,8064,6048,False,56
dataset/images/IMG_5957.jpg,dataset/labels/IMG_5957.xml,598,2166,4662,2217,4728,IMG_5957,52,8064,6048,False,56
dataset/images/IMG_5957.jpg,dataset/labels/IMG_5957.xml,599,1778,4608,1835,4668,IMG_5957,52,8064,6048,False,56
dataset/images/IMG_5957.jpg,dataset/labels/IMG_5957.xml,600,2024,5224,2075,5275,IMG_5957,52,8064,6048,False,56
dataset/images/IMG_5957.jpg,dataset/labels/IMG_5957.xml,601,3792,5897,3857,5965,IMG_5957,52,8064,6048,False,56
dataset/images/IMG_5957.jpg,dataset/labels/IMG_5957.xml,602,3076,6239,3127,6302,IMG_5957,52,8064,6048,False,56
dataset/images/IMG_5957.jpg,dataset/labels/IMG_5957.xml,603,2551,6005,2605,6059,IMG_5957,52,8064,6048,False,56
dataset/images/IMG_5957.jpg,dataset/labels/IMG_5957.xml,604,960,6319,1014,6379,IMG_5957,52,8064,6048,False,56
dataset/images/IMG_5957.jpg,dataset/labels/IMG_5957.xml,605,974,6005,1040,6051,IMG_5957,52,8064,6048,False,56
dataset/images/IMG_5957.jpg,dataset/labels/IMG_5957.xml,606,997,5831,1048,5894,IMG_5957,52,8064,6048,False,56
dataset/images/IMG_5957.jpg,dataset/labels/IMG_5957.xml,607,1445,5917,1504,5982,IMG_5957,52,8064,6048,False,56
dataset/images/IMG_5957.jpg,dataset/labels/IMG_5957.xml,608,1661,5965,1710,6014,IMG_5957,52,8064,6048,False,56
dataset/images/IMG_5957.jpg,dataset/labels/IMG_5957.xml,609,903,5737,957,5791,IMG_5957,52,8064,6048,False,56
dataset/images/IMG_5957.jpg,dataset/labels/IMG_5957.xml,610,860,6059,911,6117,IMG_5957,52,8064,6048,False,56
dataset/images/IMG_5957.jpg,dataset/labels/IMG_5957.xml,611,849,6656,911,6707,IMG_5957,52,8064,6048,False,56
dataset/images/IMG_5957.jpg,dataset/labels/IMG_5957.xml,612,3681,6194,3738,6259,IMG_5957,52,8064,6048,False,56
dataset/images/IMG_5957.jpg,dataset/labels/IMG_5957.xml,613,3989,5931,4060,5980,IMG_5957,52,8064,6048,False,56
dataset/images/IMG_5957.jpg,dataset/labels/IMG_5957.xml,614,4382,7123,4445,7180,IMG_5957,52,8064,6048,False,56
dataset/images/IMG_5957.jpg,dataset/labels/IMG_5957.xml,615,4177,5529,4237,5580,IMG_5957,52,8064,6048,False,56
dataset/images/IMG_5957.jpg,dataset/labels/IMG_5957.xml,616,4225,4870,4288,4930,IMG_5957,52,8064,6048,False,56
dataset/images/IMG_5957.jpg,dataset/labels/IMG_5957.xml,617,4108,5110,4165,5161,IMG_5957,52,8064,6048,False,56
dataset/images/IMG_5957.jpg,dataset/labels/IMG_5957.xml,618,3849,4448,3906,4508,IMG_5957,52,8064,6048,False,56
dataset/images/IMG_5957.jpg,dataset/labels/IMG_5957.xml,619,4801,3712,4853,3786,IMG_5957,52,8064,6048,False,56
dataset/images/IMG_5957.jpg,dataset/labels/IMG_5957.xml,620,4870,3832,4921,3892,IMG_5957,52,8064,6048,False,56
dataset/images/IMG_5957.jpg,dataset/labels/IMG_5957.xml,621,3544,3755,3621,3818,IMG_5957,52,8064,6048,False,56
dataset/images/IMG_5957.jpg,dataset/labels/IMG_5957.xml,622,4539,2794,4602,2860,IMG_5957,52,8064,6048,False,56
dataset/images/IMG_5957.jpg,dataset/labels/IMG_5957.xml,623,5089,2195,5141,2255,IMG_5957,52,8064,6048,False,56
dataset/images/IMG_5957.jpg,dataset/labels/IMG_5957.xml,624,4836,2369,4893,2437,IMG_5957,52,8064,6048,False,56
dataset/images/IMG_5957.jpg,dataset/labels/IMG_5957.xml,625,4299,1445,4368,1522,IMG_5957,52,8064,6048,False,56
dataset/images/IMG_5957.jpg,dataset/labels/IMG_5957.xml,626,4348,698,4408,763,IMG_5957,52,8064,6048,False,56
dataset/images/IMG_5957.jpg,dataset/labels/IMG_5957.xml,627,3738,1305,3797,1371,IMG_5957,52,8064,6048,False,56
dataset/images/IMG_5957.jpg,dataset/labels/IMG_5957.xml,628,3976,103,4036,152,IMG_5957,52,8064,6048,False,56
dataset/images/IMG_5957.jpg,dataset/labels/IMG_5957.xml,629,272,1021,313,1070,IMG_5957,52,8064,6048,False,56
dataset/images/IMG_5957.jpg,dataset/labels/IMG_5957.xml,630,313,1791,370,1845,IMG_5957,52,8064,6048,False,56
dataset/images/IMG_5861.jpg,dataset/labels/IMG_5861.xml,631,1282,2360,1350,2440,IMG_5861,53,8064,6048,True,5
dataset/images/IMG_5861.jpg,dataset/labels/IMG_5861.xml,632,3344,3296,3390,3373,IMG_5861,53,8064,6048,True,5
dataset/images/IMG_5861.jpg,dataset/labels/IMG_5861.xml,633,1020,6405,1071,6470,IMG_5861,53,8064,6048,True,5
dataset/images/IMG_5861.jpg,dataset/labels/IMG_5861.xml,634,380,6954,428,7006,IMG_5861,53,8064,6048,True,5
dataset/images/IMG_5861.jpg,dataset/labels/IMG_5861.xml,635,394,4391,452,4446,IMG_5861,53,8064,6048,True,5
dataset/images/IMG_5907.jpg,dataset/labels/IMG_5907.xml,636,3298,2646,3358,2706,IMG_5907,54,8064,6048,False,8
dataset/images/IMG_5907.jpg,dataset/labels/IMG_5907.xml,637,3857,4653,3920,4713,IMG_5907,54,8064,6048,False,8
dataset/images/IMG_5907.jpg,dataset/labels/IMG_5907.xml,638,2477,7069,2531,7120,IMG_5907,54,8064,6048,False,8
dataset/images/IMG_5907.jpg,dataset/labels/IMG_5907.xml,639,2035,7172,2092,7237,IMG_5907,54,8064,6048,False,8
dataset/images/IMG_5907.jpg,dataset/labels/IMG_5907.xml,640,606,7132,680,7175,IMG_5907,54,8064,6048,False,8
dataset/images/IMG_5907.jpg,dataset/labels/IMG_5907.xml,641,1,4765,53,4828,IMG_5907,54,8064,6048,False,8
dataset/images/IMG_5907.jpg,dataset/labels/IMG_5907.xml,642,236,6642,275,6688,IMG_5907,54,8064,6048,False,8
dataset/images/IMG_5907.jpg,dataset/labels/IMG_5907.xml,643,501,7655,545,7707,IMG_5907,54,8064,6048,False,8
dataset/images/IMG_5701.jpg,dataset/labels/IMG_5701.xml,644,1892,2580,1932,2643,IMG_5701,55,8064,6048,True,22
dataset/images/IMG_5701.jpg,dataset/labels/IMG_5701.xml,645,4339,5093,4405,5138,IMG_5701,55,8064,6048,True,22
dataset/images/IMG_5701.jpg,dataset/labels/IMG_5701.xml,646,2600,4651,2654,4708,IMG_5701,55,8064,6048,True,22
dataset/images/IMG_5701.jpg,dataset/labels/IMG_5701.xml,647,2834,5851,2873,5900,IMG_5701,55,8064,6048,True,22
dataset/images/IMG_5701.jpg,dataset/labels/IMG_5701.xml,648,3025,6279,3067,6328,IMG_5701,55,8064,6048,True,22
dataset/images/IMG_5701.jpg,dataset/labels/IMG_5701.xml,649,3093,6390,3139,6439,IMG_5701,55,8064,6048,True,22
dataset/images/IMG_5701.jpg,dataset/labels/IMG_5701.xml,650,3039,6439,3090,6487,IMG_5701,55,8064,6048,True,22
dataset/images/IMG_5701.jpg,dataset/labels/IMG_5701.xml,651,2771,6439,2814,6493,IMG_5701,55,8064,6048,True,22
dataset/images/IMG_5701.jpg,dataset/labels/IMG_5701.xml,652,2694,6470,2742,6541,IMG_5701,55,8064,6048,True,22
dataset/images/IMG_5701.jpg,dataset/labels/IMG_5701.xml,653,2745,6587,2802,6641,IMG_5701,55,8064,6048,True,22
dataset/images/IMG_5701.jpg,dataset/labels/IMG_5701.xml,654,3050,6864,3093,6912,IMG_5701,55,8064,6048,True,22
dataset/images/IMG_5701.jpg,dataset/labels/IMG_5701.xml,655,3127,6898,3181,6938,IMG_5701,55,8064,6048,True,22
dataset/images/IMG_5701.jpg,dataset/labels/IMG_5701.xml,656,3487,6935,3544,6978,IMG_5701,55,8064,6048,True,22
dataset/images/IMG_5701.jpg,dataset/labels/IMG_5701.xml,657,4265,5720,4311,5771,IMG_5701,55,8064,6048,True,22
dataset/images/IMG_5701.jpg,dataset/labels/IMG_5701.xml,658,2317,6767,2360,6838,IMG_5701,55,8064,6048,True,22
dataset/images/IMG_5701.jpg,dataset/labels/IMG_5701.xml,659,1992,6553,2044,6596,IMG_5701,55,8064,6048,True,22
dataset/images/IMG_5701.jpg,dataset/labels/IMG_5701.xml,660,2237,6165,2292,6219,IMG_5701,55,8064,6048,True,22
dataset/images/IMG_5701.jpg,dataset/labels/IMG_5701.xml,661,2446,5672,2523,5720,IMG_5701,55,8064,6048,True,22
dataset/images/IMG_5701.jpg,dataset/labels/IMG_5701.xml,662,2192,5472,2237,5540,IMG_5701,55,8064,6048,True,22
dataset/images/IMG_5701.jpg,dataset/labels/IMG_5701.xml,663,2160,5355,2206,5412,IMG_5701,55,8064,6048,True,22
dataset/images/IMG_5701.jpg,dataset/labels/IMG_5701.xml,664,1952,5500,2001,5546,IMG_5701,55,8064,6048,True,22
dataset/images/IMG_5701.jpg,dataset/labels/IMG_5701.xml,665,3681,6108,3743,6159,IMG_5701,55,8064,6048,True,22
dataset/images/IMG_5770.jpg,dataset/labels/IMG_5770.xml,666,2665,6798,2731,6841,IMG_5770,56,8064,6048,False,4
dataset/images/IMG_5770.jpg,dataset/labels/IMG_5770.xml,667,2454,6593,2506,6644,IMG_5770,56,8064,6048,False,4
dataset/images/IMG_5770.jpg,dataset/labels/IMG_5770.xml,668,1487,7092,1544,7149,IMG_5770,56,8064,6048,False,4
dataset/images/IMG_5770.jpg,dataset/labels/IMG_5770.xml,669,4910,7414,4973,7474,IMG_5770,56,8064,6048,False,4
dataset/images/IMG_5817.jpg,dataset/labels/IMG_5817.xml,670,1764,1608,1830,1679,IMG_5817,57,8064,6048,True,14
dataset/images/IMG_5817.jpg,dataset/labels/IMG_5817.xml,671,2457,2435,2523,2506,IMG_5817,57,8064,6048,True,14
dataset/images/IMG_5817.jpg,dataset/labels/IMG_5817.xml,672,2389,4291,2454,4354,IMG_5817,57,8064,6048,True,14
dataset/images/IMG_5817.jpg,dataset/labels/IMG_5817.xml,673,2765,4129,2822,4194,IMG_5817,57,8064,6048,True,14
dataset/images/IMG_5817.jpg,dataset/labels/IMG_5817.xml,674,3849,6319,3912,6387,IMG_5817,57,8064,6048,True,14
dataset/images/IMG_5817.jpg,dataset/labels/IMG_5817.xml,675,4314,7041,4376,7112,IMG_5817,57,8064,6048,True,14
dataset/images/IMG_5817.jpg,dataset/labels/IMG_5817.xml,676,529,5481,583,5538,IMG_5817,57,8064,6048,True,14
dataset/images/IMG_5817.jpg,dataset/labels/IMG_5817.xml,677,315,5811,369,5891,IMG_5817,57,8064,6048,True,14
dataset/images/IMG_5817.jpg,dataset/labels/IMG_5817.xml,678,5543,86,5595,136,IMG_5817,57,8064,6048,True,14
dataset/images/IMG_5817.jpg,dataset/labels/IMG_5817.xml,679,5377,335,5431,390,IMG_5817,57,8064,6048,True,14
dataset/images/IMG_5817.jpg,dataset/labels/IMG_5817.xml,680,4306,0,4380,43,IMG_5817,57,8064,6048,True,14
dataset/images/IMG_5817.jpg,dataset/labels/IMG_5817.xml,681,2946,302,3009,360,IMG_5817,57,8064,6048,True,14
dataset/images/IMG_5817.jpg,dataset/labels/IMG_5817.xml,682,5860,3307,5915,3364,IMG_5817,57,8064,6048,True,14
dataset/images/IMG_5817.jpg,dataset/labels/IMG_5817.xml,683,5961,7123,6041,7169,IMG_5817,57,8064,6048,True,14
dataset/images/IMG_5674.jpg,dataset/labels/IMG_5674.xml,684,2708,2822,2779,2880,IMG_5674,58,8064,6048,False,16
dataset/images/IMG_5674.jpg,dataset/labels/IMG_5674.xml,685,1131,3427,1185,3493,IMG_5674,58,8064,6048,False,16
dataset/images/IMG_5674.jpg,dataset/labels/IMG_5674.xml,686,3002,4770,3053,4833,IMG_5674,58,8064,6048,False,16
dataset/images/IMG_5674.jpg,dataset/labels/IMG_5674.xml,687,991,5224,1054,5278,IMG_5674,58,8064,6048,False,16
dataset/images/IMG_5674.jpg,dataset/labels/IMG_5674.xml,688,706,5478,772,5540,IMG_5674,58,8064,6048,False,16
dataset/images/IMG_5674.jpg,dataset/labels/IMG_5674.xml,689,3273,5951,3333,6008,IMG_5674,58,8064,6048,False,16
dataset/images/IMG_5674.jpg,dataset/labels/IMG_5674.xml,690,640,6447,706,6502,IMG_5674,58,8064,6048,False,16
dataset/images/IMG_5674.jpg,dataset/labels/IMG_5674.xml,691,1108,6638,1165,6704,IMG_5674,58,8064,6048,False,16
dataset/images/IMG_5674.jpg,dataset/labels/IMG_5674.xml,692,1225,6721,1291,6775,IMG_5674,58,8064,6048,False,16
dataset/images/IMG_5674.jpg,dataset/labels/IMG_5674.xml,693,1927,7012,1984,7078,IMG_5674,58,8064,6048,False,16
dataset/images/IMG_5674.jpg,dataset/labels/IMG_5674.xml,694,3293,7317,3355,7394,IMG_5674,58,8064,6048,False,16
dataset/images/IMG_5674.jpg,dataset/labels/IMG_5674.xml,695,2620,7491,2682,7557,IMG_5674,58,8064,6048,False,16
dataset/images/IMG_5674.jpg,dataset/labels/IMG_5674.xml,696,4120,6904,4183,6975,IMG_5674,58,8064,6048,False,16
dataset/images/IMG_5674.jpg,dataset/labels/IMG_5674.xml,697,4125,5985,4191,6059,IMG_5674,58,8064,6048,False,16
dataset/images/IMG_5674.jpg,dataset/labels/IMG_5674.xml,698,3974,6233,4048,6299,IMG_5674,58,8064,6048,False,16
dataset/images/IMG_5674.jpg,dataset/labels/IMG_5674.xml,699,2274,7754,2331,7814,IMG_5674,58,8064,6048,False,16
dataset/images/IMG_5981.jpg,dataset/labels/IMG_5981.xml,700,3184,3707,3227,3775,IMG_5981,59,8064,6048,True,9
dataset/images/IMG_5981.jpg,dataset/labels/IMG_5981.xml,701,4838,3604,4898,3658,IMG_5981,59,8064,6048,True,9
dataset/images/IMG_5981.jpg,dataset/labels/IMG_5981.xml,702,3904,6008,3958,6074,IMG_5981,59,8064,6048,True,9
dataset/images/IMG_5981.jpg,dataset/labels/IMG_5981.xml,703,4977,6760,5010,6808,IMG_5981,59,8064,6048,True,9
dataset/images/IMG_5981.jpg,dataset/labels/IMG_5981.xml,704,3167,7208,3236,7271,IMG_5981,59,8064,6048,True,9
dataset/images/IMG_5981.jpg,dataset/labels/IMG_5981.xml,705,5250,7882,5309,7941,IMG_5981,59,8064,6048,True,9
dataset/images/IMG_5981.jpg,dataset/labels/IMG_5981.xml,706,4488,7916,4548,7973,IMG_5981,59,8064,6048,True,9
dataset/images/IMG_5981.jpg,dataset/labels/IMG_5981.xml,707,4087,8029,4153,8063,IMG_5981,59,8064,6048,True,9
dataset/images/IMG_5981.jpg,dataset/labels/IMG_5981.xml,708,3849,7863,3899,7941,IMG_5981,59,8064,6048,True,9
dataset/images/IMG_5982.jpg,dataset/labels/IMG_5982.xml,709,1468,4094,1521,4158,IMG_5982,60,8064,6048,True,7
dataset/images/IMG_5982.jpg,dataset/labels/IMG_5982.xml,710,5178,1282,5241,1337,IMG_5982,60,8064,6048,True,7
dataset/images/IMG_5982.jpg,dataset/labels/IMG_5982.xml,711,4394,1262,4456,1342,IMG_5982,60,8064,6048,True,7
dataset/images/IMG_5982.jpg,dataset/labels/IMG_5982.xml,712,3986,1385,4048,1436,IMG_5982,60,8064,6048,True,7
dataset/images/IMG_5982.jpg,dataset/labels/IMG_5982.xml,713,3743,1205,3806,1271,IMG_5982,60,8064,6048,True,7
dataset/images/IMG_5982.jpg,dataset/labels/IMG_5982.xml,714,3655,1402,3709,1468,IMG_5982,60,8064,6048,True,7
dataset/images/IMG_5982.jpg,dataset/labels/IMG_5982.xml,715,3418,2138,3489,2215,IMG_5982,60,8064,6048,True,7
dataset/images/IMG_5699.jpg,dataset/labels/IMG_5699.xml,716,3313,3898,3370,3975,IMG_5699,61,8064,6048,True,22
dataset/images/IMG_5699.jpg,dataset/labels/IMG_5699.xml,717,3792,4887,3857,4956,IMG_5699,61,8064,6048,True,22
dataset/images/IMG_5699.jpg,dataset/labels/IMG_5699.xml,718,3481,4830,3527,4904,IMG_5699,61,8064,6048,True,22
dataset/images/IMG_5699.jpg,dataset/labels/IMG_5699.xml,719,2309,4902,2354,4961,IMG_5699,61,8064,6048,True,22
dataset/images/IMG_5699.jpg,dataset/labels/IMG_5699.xml,720,4083,4063,4140,4137,IMG_5699,61,8064,6048,True,22
dataset/images/IMG_5699.jpg,dataset/labels/IMG_5699.xml,721,4251,5526,4314,5595,IMG_5699,61,8064,6048,True,22
dataset/images/IMG_5699.jpg,dataset/labels/IMG_5699.xml,722,4533,6416,4605,6479,IMG_5699,61,8064,6048,True,22
dataset/images/IMG_5699.jpg,dataset/labels/IMG_5699.xml,723,2968,6852,3042,6892,IMG_5699,61,8064,6048,True,22
dataset/images/IMG_5699.jpg,dataset/labels/IMG_5699.xml,724,3002,6889,3059,6958,IMG_5699,61,8064,6048,True,22
dataset/images/IMG_5699.jpg,dataset/labels/IMG_5699.xml,725,3247,7149,3316,7212,IMG_5699,61,8064,6048,True,22
dataset/images/IMG_5699.jpg,dataset/labels/IMG_5699.xml,726,2166,6875,2217,6944,IMG_5699,61,8064,6048,True,22
dataset/images/IMG_5699.jpg,dataset/labels/IMG_5699.xml,727,1867,6205,1909,6276,IMG_5699,61,8064,6048,True,22
dataset/images/IMG_5699.jpg,dataset/labels/IMG_5699.xml,728,3156,6413,3219,6479,IMG_5699,61,8064,6048,True,22
dataset/images/IMG_5699.jpg,dataset/labels/IMG_5699.xml,729,3244,5612,3298,5683,IMG_5699,61,8064,6048,True,22
dataset/images/IMG_5699.jpg,dataset/labels/IMG_5699.xml,730,2246,3065,2309,3133,IMG_5699,61,8064,6048,True,22
dataset/images/IMG_5699.jpg,dataset/labels/IMG_5699.xml,731,2101,2868,2160,2919,IMG_5699,61,8064,6048,True,22
dataset/images/IMG_5699.jpg,dataset/labels/IMG_5699.xml,732,2266,2657,2334,2723,IMG_5699,61,8064,6048,True,22
dataset/images/IMG_5699.jpg,dataset/labels/IMG_5699.xml,733,2260,2292,2320,2346,IMG_5699,61,8064,6048,True,22
dataset/images/IMG_5699.jpg,dataset/labels/IMG_5699.xml,734,3518,507,3589,581,IMG_5699,61,8064,6048,True,22
dataset/images/IMG_5699.jpg,dataset/labels/IMG_5699.xml,735,3749,2072,3809,2147,IMG_5699,61,8064,6048,True,22
dataset/images/IMG_5699.jpg,dataset/labels/IMG_5699.xml,736,3994,2697,4048,2757,IMG_5699,61,8064,6048,True,22
dataset/images/IMG_5699.jpg,dataset/labels/IMG_5699.xml,737,4576,2244,4630,2309,IMG_5699,61,8064,6048,True,22
dataset/images/IMG_5724.jpg,dataset/labels/IMG_5724.xml,738,4114,3862,4164,3918,IMG_5724,62,8064,6048,True,9
dataset/images/IMG_5724.jpg,dataset/labels/IMG_5724.xml,739,4741,3881,4815,3933,IMG_5724,62,8064,6048,True,9
dataset/images/IMG_5724.jpg,dataset/labels/IMG_5724.xml,740,2927,4719,2990,4790,IMG_5724,62,8064,6048,True,9
dataset/images/IMG_5724.jpg,dataset/labels/IMG_5724.xml,741,4960,5121,5018,5192,IMG_5724,62,8064,6048,True,9
dataset/images/IMG_5724.jpg,dataset/labels/IMG_5724.xml,742,3881,5887,3945,5938,IMG_5724,62,8064,6048,True,9
dataset/images/IMG_5724.jpg,dataset/labels/IMG_5724.xml,743,3553,6168,3619,6236,IMG_5724,62,8064,6048,True,9
dataset/images/IMG_5724.jpg,dataset/labels/IMG_5724.xml,744,5108,6162,5169,6231,IMG_5724,62,8064,6048,True,9
dataset/images/IMG_5724.jpg,dataset/labels/IMG_5724.xml,745,2292,4859,2377,4925,IMG_5724,62,8064,6048,True,9
dataset/images/IMG_5724.jpg,dataset/labels/IMG_5724.xml,746,4560,4361,4609,4416,IMG_5724,62,8064,6048,True,9
dataset/images/IMG_5723.jpg,dataset/labels/IMG_5723.xml,747,2805,3941,2869,4007,IMG_5723,63,8064,6048,True,60
dataset/images/IMG_5723.jpg,dataset/labels/IMG_5723.xml,748,2115,3920,2168,3984,IMG_5723,63,8064,6048,True,60
dataset/images/IMG_5723.jpg,dataset/labels/IMG_5723.xml,749,1964,3460,2033,3521,IMG_5723,63,8064,6048,True,60
dataset/images/IMG_5723.jpg,dataset/labels/IMG_5723.xml,750,666,980,722,1030,IMG_5723,63,8064,6048,True,60
dataset/images/IMG_5723.jpg,dataset/labels/IMG_5723.xml,751,1197,816,1256,893,IMG_5723,63,8064,6048,True,60
dataset/images/IMG_5723.jpg,dataset/labels/IMG_5723.xml,752,2057,1223,2112,1297,IMG_5723,63,8064,6048,True,60
dataset/images/IMG_5723.jpg,dataset/labels/IMG_5723.xml,753,2194,819,2245,877,IMG_5723,63,8064,6048,True,60
dataset/images/IMG_5723.jpg,dataset/labels/IMG_5723.xml,754,2427,1842,2482,1913,IMG_5723,63,8064,6048,True,60
dataset/images/IMG_5723.jpg,dataset/labels/IMG_5723.xml,755,2443,2183,2501,2249,IMG_5723,63,8064,6048,True,60
dataset/images/IMG_5723.jpg,dataset/labels/IMG_5723.xml,756,2541,2318,2588,2376,IMG_5723,63,8064,6048,True,60
dataset/images/IMG_5723.jpg,dataset/labels/IMG_5723.xml,757,2411,2262,2461,2344,IMG_5723,63,8064,6048,True,60
dataset/images/IMG_5723.jpg,dataset/labels/IMG_5723.xml,758,2382,2342,2435,2397,IMG_5723,63,8064,6048,True,60
dataset/images/IMG_5723.jpg,dataset/labels/IMG_5723.xml,759,1015,2336,1076,2408,IMG_5723,63,8064,6048,True,60
dataset/images/IMG_5723.jpg,dataset/labels/IMG_5723.xml,760,378,2400,431,2466,IMG_5723,63,8064,6048,True,60
dataset/images/IMG_5723.jpg,dataset/labels/IMG_5723.xml,761,650,3365,711,3415,IMG_5723,63,8064,6048,True,60
dataset/images/IMG_5723.jpg,dataset/labels/IMG_5723.xml,762,761,3492,819,3566,IMG_5723,63,8064,6048,True,60
dataset/images/IMG_5723.jpg,dataset/labels/IMG_5723.xml,763,409,4602,460,4663,IMG_5723,63,8064,6048,True,60
dataset/images/IMG_5723.jpg,dataset/labels/IMG_5723.xml,764,2374,4883,2451,4933,IMG_5723,63,8064,6048,True,60
dataset/images/IMG_5723.jpg,dataset/labels/IMG_5723.xml,765,1618,6070,1673,6136,IMG_5723,63,8064,6048,True,60
dataset/images/IMG_5723.jpg,dataset/labels/IMG_5723.xml,766,1827,6303,1898,6369,IMG_5723,63,8064,6048,True,60
dataset/images/IMG_5723.jpg,dataset/labels/IMG_5723.xml,767,965,7170,1034,7241,IMG_5723,63,8064,6048,True,60
dataset/images/IMG_5723.jpg,dataset/labels/IMG_5723.xml,768,1234,7958,1290,8032,IMG_5723,63,8064,6048,True,60
dataset/images/IMG_5723.jpg,dataset/labels/IMG_5723.xml,769,2131,7939,2192,7992,IMG_5723,63,8064,6048,True,60
dataset/images/IMG_5723.jpg,dataset/labels/IMG_5723.xml,770,2356,7831,2422,7871,IMG_5723,63,8064,6048,True,60
dataset/images/IMG_5723.jpg,dataset/labels/IMG_5723.xml,771,4344,7762,4405,7828,IMG_5723,63,8064,6048,True,60
dataset/images/IMG_5723.jpg,dataset/labels/IMG_5723.xml,772,3506,7775,3564,7839,IMG_5723,63,8064,6048,True,60
dataset/images/IMG_5723.jpg,dataset/labels/IMG_5723.xml,773,2847,7106,2911,7154,IMG_5723,63,8064,6048,True,60
dataset/images/IMG_5723.jpg,dataset/labels/IMG_5723.xml,774,4526,6919,4579,6977,IMG_5723,63,8064,6048,True,60
dataset/images/IMG_5723.jpg,dataset/labels/IMG_5723.xml,775,3839,5850,3905,5901,IMG_5723,63,8064,6048,True,60
dataset/images/IMG_5723.jpg,dataset/labels/IMG_5723.xml,776,3963,5626,4027,5694,IMG_5723,63,8064,6048,True,60
dataset/images/IMG_5723.jpg,dataset/labels/IMG_5723.xml,777,3889,5226,3945,5290,IMG_5723,63,8064,6048,True,60
dataset/images/IMG_5723.jpg,dataset/labels/IMG_5723.xml,778,3902,4544,3971,4594,IMG_5723,63,8064,6048,True,60
dataset/images/IMG_5723.jpg,dataset/labels/IMG_5723.xml,779,4505,3912,4571,3965,IMG_5723,63,8064,6048,True,60
dataset/images/IMG_5723.jpg,dataset/labels/IMG_5723.xml,780,3744,3690,3802,3743,IMG_5723,63,8064,6048,True,60
dataset/images/IMG_5723.jpg,dataset/labels/IMG_5723.xml,781,3775,3619,3849,3669,IMG_5723,63,8064,6048,True,60
dataset/images/IMG_5723.jpg,dataset/labels/IMG_5723.xml,782,3712,3489,3773,3563,IMG_5723,63,8064,6048,True,60
dataset/images/IMG_5723.jpg,dataset/labels/IMG_5723.xml,783,3995,3539,4053,3595,IMG_5723,63,8064,6048,True,60
dataset/images/IMG_5723.jpg,dataset/labels/IMG_5723.xml,784,4365,3537,4439,3592,IMG_5723,63,8064,6048,True,60
dataset/images/IMG_5723.jpg,dataset/labels/IMG_5723.xml,785,3276,3114,3323,3177,IMG_5723,63,8064,6048,True,60
dataset/images/IMG_5723.jpg,dataset/labels/IMG_5723.xml,786,4159,3029,4228,3101,IMG_5723,63,8064,6048,True,60
dataset/images/IMG_5723.jpg,dataset/labels/IMG_5723.xml,787,3667,2752,3728,2804,IMG_5723,63,8064,6048,True,60
dataset/images/IMG_5723.jpg,dataset/labels/IMG_5723.xml,788,4328,2138,4386,2212,IMG_5723,63,8064,6048,True,60
dataset/images/IMG_5723.jpg,dataset/labels/IMG_5723.xml,789,3114,2175,3178,2236,IMG_5723,63,8064,6048,True,60
dataset/images/IMG_5723.jpg,dataset/labels/IMG_5723.xml,790,3471,2310,3514,2376,IMG_5723,63,8064,6048,True,60
dataset/images/IMG_5723.jpg,dataset/labels/IMG_5723.xml,791,3551,2373,3633,2424,IMG_5723,63,8064,6048,True,60
dataset/images/IMG_5723.jpg,dataset/labels/IMG_5723.xml,792,3516,2326,3572,2376,IMG_5723,63,8064,6048,True,60
dataset/images/IMG_5723.jpg,dataset/labels/IMG_5723.xml,793,3646,1879,3709,1934,IMG_5723,63,8064,6048,True,60
dataset/images/IMG_5723.jpg,dataset/labels/IMG_5723.xml,794,3849,1681,3900,1763,IMG_5723,63,8064,6048,True,60
dataset/images/IMG_5723.jpg,dataset/labels/IMG_5723.xml,795,4468,1382,4534,1461,IMG_5723,63,8064,6048,True,60
dataset/images/IMG_5723.jpg,dataset/labels/IMG_5723.xml,796,2810,1086,2876,1136,IMG_5723,63,8064,6048,True,60
dataset/images/IMG_5723.jpg,dataset/labels/IMG_5723.xml,797,4981,1038,5037,1094,IMG_5723,63,8064,6048,True,60
dataset/images/IMG_5723.jpg,dataset/labels/IMG_5723.xml,798,5013,3212,5066,3283,IMG_5723,63,8064,6048,True,60
dataset/images/IMG_5723.jpg,dataset/labels/IMG_5723.xml,799,4844,5308,4912,5374,IMG_5723,63,8064,6048,True,60
dataset/images/IMG_5723.jpg,dataset/labels/IMG_5723.xml,800,4875,7260,4939,7318,IMG_5723,63,8064,6048,True,60
dataset/images/IMG_5723.jpg,dataset/labels/IMG_5723.xml,801,4823,7651,4889,7725,IMG_5723,63,8064,6048,True,60
dataset/images/IMG_5723.jpg,dataset/labels/IMG_5723.xml,802,4311,396,4366,457,IMG_5723,63,8064,6048,True,60
dataset/images/IMG_5723.jpg,dataset/labels/IMG_5723.xml,803,3507,189,3569,254,IMG_5723,63,8064,6048,True,60
dataset/images/IMG_5723.jpg,dataset/labels/IMG_5723.xml,804,2316,548,2352,609,IMG_5723,63,8064,6048,True,60
dataset/images/IMG_5723.jpg,dataset/labels/IMG_5723.xml,805,463,238,515,293,IMG_5723,63,8064,6048,True,60
dataset/images/IMG_5723.jpg,dataset/labels/IMG_5723.xml,806,163,8014,225,8063,IMG_5723,63,8064,6048,True,60
